443,240364,8,8,1210,5058,870,0,151.25,299.0478939,1460,0,632.25,691.4041097,26077.11637,66.56570868,16024.26667,23234.00842,54785,1,185575,26510.71429,27855.35735,62486,243,189622,27088.85714,33949.60092,69099,1,0,0,0,0,180,172,33.28285434,33.28285434,0,1460,368.7058824,561.3693932,315135.5956,0,0,0,1,0,0,0,0,1,391.75,151.25,632.25,180,0,0,0,0,0,0,8,1210,8,5058,29200,41,7,20,0,0,0,0,0,0,0,0
55570,39,1,1,6,6,6,6,6,0,6,6,6,0,307692.3077,51282.05128,39,0,39,39,0,0,0,0,0,0,0,0,0,0,0,0,0,0,20,20,25641.02564,25641.02564,6,6,6,0,0,0,0,0,0,1,1,0,0,1,9,6,6,20,0,0,0,0,0,0,1,6,1,6,119,252,0,20,0,0,0,0,0,0,0,0
80,1629049,12,8,2145,10218,566,0,178.75,225.8890013,5330,0,1277.25,1966.095532,7589.090322,12.27710155,85739.42105,333916.5926,1463559,59,1629049,148095.3636,437028.5918,1463559,195,157606,22515.14286,18549.7935,52274,1610,0,0,0,0,392,264,7.366260929,4.910840619,0,5330,588.7142857,1299.540116,1688804.514,0,0,0,1,0,0,0,0,0,618.15,178.75,1277.25,392,0,0,0,0,0,0,12,2145,8,10218,29200,262,5,32,0,0,0,0,0,0,0,0
80,5457414,3,1,0,0,0,0,0,0,0,0,0,0,0,0.732947876,1819138,3150085.149,5456543,125,5457414,2728707,3857742.667,5456543,871,0,0,0,0,0,0,0,0,0,104,40,0.549710907,0.183236969,0,0,0,0,0,0,0,0,1,0,0,0,0,0,0,0,0,104,0,0,0,0,0,0,3,0,1,0,29200,28960,0,32,0,0,0,0,0,0,0,0
443,94792,1,1,0,0,0,0,0,0,0,0,0,0,0,21.09882691,94792,0,94792,94792,0,0,0,0,0,0,0,0,0,0,0,0,0,0,32,32,10.54941345,10.54941345,0,0,0,0,0,0,0,0,0,1,1,0,0,1,0,0,0,32,0,0,0,0,0,0,1,0,1,0,304,252,0,32,0,0,0,0,0,0,0,0
80,5073622,3,1,0,0,0,0,0,0,0,0,0,0,0,0.78839141,1691207.333,2928494.076,5072741,129,5073622,2536811,3586346.599,5072741,881,0,0,0,0,0,0,0,0,0,104,40,0.591293557,0.197097852,0,0,0,0,0,0,0,0,1,0,0,0,0,0,0,0,0,104,0,0,0,0,0,0,3,0,1,0,29200,28960,0,32,0,0,0,0,0,0,0,0
80,31485275,204,105,43523,80534,602,0,213.3480392,226.6321023,5792,0,766.9904762,671.9407955,3940.159328,9.814111517,102224.9188,263331.4971,1085229,3,31500000,155084.9212,311766.2933,1085229,3,31500000,302741.8269,409178.5262,1089022,3,0,0,0,0,6536,3368,6.479219254,3.334892263,0,5792,400.183871,504.9647254,254989.3738,0,0,0,1,0,0,0,0,0,401.4789644,213.3480392,766.9904762,6536,0,0,0,0,0,0,204,43523,105,80534,29200,1172,101,32,0,0,0,0,0,0,0,0
443,5221743,5,1,135,46,46,6,27,20.1246118,46,46,46,0,34.66275533,1.149041613,1044348.6,2291090.023,5142612,48,5221743,1305435.75,2558373.715,5142612,48,0,0,0,0,0,1,0,0,0,100,20,0.957534678,0.191506936,6,46,32.42857143,18.86670032,355.952381,0,1,0,0,1,0,0,0,0,37.83333333,27,46,100,0,0,0,0,0,0,5,135,1,46,257,368,4,20,77574,0,77574,77574,5142612,0,5142612,5142612
22,207,1,1,0,0,0,0,0,0,0,0,0,0,0,9661.835749,207,0,207,207,0,0,0,0,0,0,0,0,0,0,0,0,0,0,32,32,4830.917874,4830.917874,0,0,0,0,0,0,0,0,0,1,1,0,0,1,0,0,0,32,0,0,0,0,0,0,1,0,1,0,290,243,0,32,0,0,0,0,0,0,0,0
53,25525,2,2,68,132,34,34,34,0,66,66,66,0,7835.455436,156.7091087,8508.333333,14730.80345,25518,3,4,4,0,4,4,3,3,0,3,3,0,0,0,0,64,64,78.35455436,78.35455436,34,66,46.8,17.52712184,307.2,0,0,0,0,0,0,0,0,1,58.5,34,66,64,0,0,0,0,0,0,2,68,2,132,-1,-1,1,32,0,0,0,0,0,0,0,0
443,3203474,5,1,135,46,46,6,27,20.1246118,46,46,46,0,56.50116093,1.872966661,640694.8,1388440.694,3124151,3,3203474,800868.5,1549279.691,3124151,3,0,0,0,0,0,1,0,0,0,100,20,1.56080555,0.31216111,6,46,32.42857143,18.86670032,355.952381,0,1,0,0,1,0,0,0,0,37.83333333,27,46,100,0,0,0,0,0,0,5,135,1,46,254,123,4,20,0,0,0,0,0,0,0,0
465,48,2,0,37,0,37,0,18.5,26.1629509,0,0,0,0,770833.3333,41666.66667,48,0,48,48,48,48,0,48,48,0,0,0,0,0,1,0,0,0,64,0,41666.66667,0,0,37,24.66666667,21.36195996,456.3333333,0,1,0,0,1,0,0,0,0,37,18.5,0,64,0,0,0,0,0,0,2,37,0,0,307,-1,0,32,0,0,0,0,0,0,0,0
80,68150616,203,114,48783,183606,585,0,240.3103448,252.4075112,1870,0,1610.578947,481.1069628,3409.932494,4.651461991,215666.5063,447550.6226,4804702,45,68100000,337357.9257,522163.397,4804702,694,68200000,603101.6991,576395.159,4805402,45,0,0,0,0,6504,3656,2.97869648,1.672765511,0,1870,730.7830189,746.4613344,557204.5237,0,0,0,1,0,0,0,0,0,733.0883281,240.3103448,1610.578947,6504,0,0,0,0,0,0,203,48783,114,183606,29200,1149,101,32,0,0,0,0,0,0,0,0
80,4139304,27,16,4801,17044,602,0,177.8148148,212.617576,7926,0,1065.25,1882.116521,5277.457273,10.38821986,98554.85714,330294.1359,1960112,103,4139304,159204,410994.217,1960112,250,3482404,232160.2667,527514.9539,2002030,151,0,0,0,0,872,520,6.522835723,3.865384132,0,7926,496.4772727,1205.366537,1452908.488,0,0,0,1,0,0,0,0,0,508.0232558,177.8148148,1065.25,872,0,0,0,0,0,0,27,4801,16,17044,29200,333,12,32,0,0,0,0,0,0,0,0
80,5007460,5,3,537,1881,537,0,107.4,240.1537008,1881,0,627,1085.995856,482.8795437,1.597616356,715351.4286,1889650.06,5000673,4,5007460,1251865,2499206.662,5000673,4,5994,2997,2996.718539,5116,878,0,0,0,0,168,104,0.998510223,0.599106134,0,1881,268.6666667,630.1680331,397111.75,0,0,0,1,0,0,0,0,0,302.25,107.4,627,168,0,0,0,0,0,0,5,537,3,1881,29200,235,1,32,0,0,0,0,0,0,0,0
443,94985,1,1,0,0,0,0,0,0,0,0,0,0,0,21.0559562,94985,0,94985,94985,0,0,0,0,0,0,0,0,0,0,0,0,0,0,32,32,10.5279781,10.5279781,0,0,0,0,0,0,0,0,0,1,1,0,0,1,0,0,0,32,0,0,0,0,0,0,1,0,1,0,304,252,0,32,0,0,0,0,0,0,0,0
80,5185197,3,1,0,0,0,0,0,0,0,0,0,0,0,0.771426814,1728399,2992884.217,5184284,159,5185197,2592598.5,3665196.784,5184284,913,0,0,0,0,0,0,0,0,0,104,40,0.57857011,0.192856703,0,0,0,0,0,0,0,0,1,0,0,0,0,0,0,0,0,104,0,0,0,0,0,0,3,0,1,0,29200,28960,0,32,0,0,0,0,0,0,0,0
80,5501637,3,1,0,0,0,0,0,0,0,0,0,0,0,0.727056329,1833879,3175724.694,5500890,92,5501637,2750818.5,3889188.413,5500890,747,0,0,0,0,0,0,0,0,0,104,40,0.545292247,0.181764082,0,0,0,0,0,0,0,0,1,0,0,0,0,0,0,0,0,104,0,0,0,0,0,0,3,0,1,0,29200,28960,0,32,0,0,0,0,0,0,0,0
443,3202769,5,1,135,46,46,6,27,20.1246118,46,46,46,0,56.51359808,1.873378942,640553.8,1379847.853,3108521,48,3202769,800692.25,1539175.693,3108521,48,0,0,0,0,0,1,0,0,0,100,20,1.561149118,0.312229824,6,46,32.42857143,18.86670032,355.952381,0,1,0,0,1,0,0,0,0,37.83333333,27,46,100,0,0,0,0,0,0,5,135,1,46,258,360,4,20,0,0,0,0,0,0,0,0
60146,50,1,2,0,0,0,0,0,0,0,0,0,0,0,60000,25,33.9411255,49,1,0,0,0,0,0,1,1,0,1,1,0,0,0,0,32,64,20000,40000,0,0,0,0,0,0,0,0,0,1,1,0,0,2,0,0,0,32,0,0,0,0,0,0,1,0,2,0,243,290,0,32,0,0,0,0,0,0,0,0
80,5929884,3,1,0,0,0,0,0,0,0,0,0,0,0,0.674549452,1976628,3422867.564,5929015,102,5929884,2964942,4191832.236,5929015,869,0,0,0,0,0,0,0,0,0,104,40,0.505912089,0.168637363,0,0,0,0,0,0,0,0,1,0,0,0,0,0,0,0,0,104,0,0,0,0,0,0,3,0,1,0,29200,28960,0,32,0,0,0,0,0,0,0,0
137,3,2,0,124,0,62,62,62,0,0,0,0,0,41300000,666666.6667,3,0,3,3,3,3,0,3,3,0,0,0,0,0,0,0,0,0,40,0,666666.6667,0,62,62,62,0,0,0,0,0,0,0,0,0,0,0,93,62,0,40,0,0,0,0,0,0,2,124,0,0,-1,-1,1,20,0,0,0,0,0,0,0,0
45337,217,2,1,31,6,31,0,15.5,21.92031022,6,6,6,0,170506.9124,13824.88479,108.5,43.13351365,139,78,217,217,0,217,217,0,0,0,0,0,1,0,0,0,64,20,9216.589862,4608.294931,0,31,17,16.35033129,267.3333333,0,1,0,0,1,0,0,0,0,22.66666667,15.5,6,64,0,0,0,0,0,0,2,31,1,6,137,0,0,32,0,0,0,0,0,0,0,0
80,3533310,3,1,0,0,0,0,0,0,0,0,0,0,0,1.132082948,1177770,2039228.297,3532468,208,3533310,1766655,2497236.693,3532468,842,0,0,0,0,0,0,0,0,0,104,40,0.849062211,0.283020737,0,0,0,0,0,0,0,0,1,0,0,0,0,0,0,0,0,104,0,0,0,0,0,0,3,0,1,0,29200,28960,0,32,0,0,0,0,0,0,0,0
80,5597577,3,1,0,0,0,0,0,0,0,0,0,0,0,0.714594904,1865859,3231171.1,5596894,122,5597577,2798788.5,3957118.747,5596894,683,0,0,0,0,0,0,0,0,0,104,40,0.535946178,0.178648726,0,0,0,0,0,0,0,0,1,0,0,0,0,0,0,0,0,104,0,0,0,0,0,0,3,0,1,0,29200,28960,0,32,0,0,0,0,0,0,0,0
80,5300059,3,1,0,0,0,0,0,0,0,0,0,0,0,0.75470858,1766686.333,3059223.211,5299173,104,5300059,2650029.5,3746454.666,5299173,886,0,0,0,0,0,0,0,0,0,104,40,0.566031435,0.188677145,0,0,0,0,0,0,0,0,1,0,0,0,0,0,0,0,0,104,0,0,0,0,0,0,3,0,1,0,29200,28960,0,32,0,0,0,0,0,0,0,0
80,5437577,3,1,0,0,0,0,0,0,0,0,0,0,0,0.735621767,1812525.667,3138612.334,5436683,128,5437577,2718788.5,3843683.263,5436683,894,0,0,0,0,0,0,0,0,0,104,40,0.551716325,0.183905442,0,0,0,0,0,0,0,0,1,0,0,0,0,0,0,0,0,104,0,0,0,0,0,0,3,0,1,0,29200,28960,0,32,0,0,0,0,0,0,0,0
80,5993237,3,1,0,0,0,0,0,0,0,0,0,0,0,0.667418959,1997745.667,3459479.076,5992408,81,5993237,2996618.5,4236686.141,5992408,829,0,0,0,0,0,0,0,0,0,104,40,0.500564219,0.16685474,0,0,0,0,0,0,0,0,1,0,0,0,0,0,0,0,0,104,0,0,0,0,0,0,3,0,1,0,29200,28960,0,32,0,0,0,0,0,0,0,0
22,1286687,41,42,2664,6954,456,0,64.97560976,109.864573,976,0,165.5714286,320.4037958,7475.011405,64.50675261,15691.30488,105377.2442,947458,0,1286687,32167.175,158729.459,989684,0,339094,8270.585366,22202.76695,124885,1,0,0,0,0,1328,1360,31.86478141,32.6419712,0,976,114.5,243.3458791,59217.21687,0,0,0,1,0,0,0,0,1,115.8795181,64.97560976,165.5714286,1328,0,0,0,0,0,0,41,2664,42,6954,29200,243,24,32,0,0,0,0,0,0,0,0
80,93,2,0,12,0,6,6,6,0,0,0,0,0,129032.2581,21505.37634,93,0,93,93,93,93,0,93,93,0,0,0,0,0,0,0,0,0,40,0,21505.37634,0,6,6,6,0,0,0,0,0,0,1,0,0,0,0,9,6,0,40,0,0,0,0,0,0,2,12,0,0,254,-1,1,20,0,0,0,0,0,0,0,0
443,60261928,9,7,2330,4221,1093,0,258.8888889,409.7021615,1460,0,603,653.5941656,108.7087688,0.265507602,4017461.867,15500000,60000000,1,60300000,7532741,21200000,60000000,311,211947,35324.5,27504.33405,57109,48,0,0,0,0,192,152,0.149348026,0.116159576,0,1460,385.3529412,532.0940872,283124.1176,0,0,0,1,0,0,0,0,0,409.4375,258.8888889,603,192,0,0,0,0,0,0,9,2330,7,4221,8192,513,8,20,0,0,0,0,0,0,0,0
22,1387547,41,46,2728,6634,456,0,66.53658537,110.1299454,976,0,144.2173913,307.9139788,6747.158835,62.70057879,16134.26744,105060.7081,955521,0,1387547,34688.675,160875.9581,997428,0,431936,9598.577778,31464.52951,199711,1,0,0,0,0,1328,1488,29.54854863,33.15203017,0,976,106.3863636,237.1744802,56251.73406,0,0,0,1,0,0,0,0,1,107.6091954,66.53658537,144.2173913,1328,0,0,0,0,0,0,41,2728,46,6634,29200,243,24,32,0,0,0,0,0,0,0,0
0,119945515,150,0,0,0,0,0,0,0,0,0,0,0,0,1.25056781,805003.4564,5277836.772,60100000,0,120000000,805003.4564,5277836.772,60100000,0,0,0,0,0,0,0,0,0,0,0,0,1.25056781,0,0,0,0,0,0,0,0,0,0,0,0,0,0,0,0,0,0,0,0,0,0,0,0,0,150,0,0,0,-1,-1,0,0,6909777.333,11700000,20400000,6,24400000,24300000,60100000,5702188
53,207,2,2,142,206,71,71,71,0,103,103,103,0,1681159.42,19323.6715,69,113.4504297,200,3,4,4,0,4,4,3,3,0,3,3,0,0,0,0,64,64,9661.835749,9661.835749,71,103,83.8,17.52712184,307.2,0,0,0,0,0,0,0,0,1,104.75,71,103,64,0,0,0,0,0,0,2,142,2,206,-1,-1,1,32,0,0,0,0,0,0,0,0
80,73,1,1,0,0,0,0,0,0,0,0,0,0,0,27397.26027,73,0,73,73,0,0,0,0,0,0,0,0,0,0,0,0,0,0,32,32,13698.63014,13698.63014,0,0,0,0,0,0,0,0,0,1,1,0,0,1,0,0,0,32,0,0,0,0,0,0,1,0,1,0,293,236,0,32,0,0,0,0,0,0,0,0
53,25117,1,1,45,77,45,45,45,0,77,77,77,0,4857.267986,79.62734403,25117,0,25117,25117,0,0,0,0,0,0,0,0,0,0,0,0,0,0,32,32,39.81367201,39.81367201,45,77,55.66666667,18.47520861,341.3333333,0,0,0,0,0,0,0,0,1,83.5,45,77,32,0,0,0,0,0,0,1,45,1,77,-1,-1,0,32,0,0,0,0,0,0,0,0
80,59795,3,4,431,2267,431,0,143.6666667,248.837966,2267,0,566.75,1133.5,45120.8295,117.0666444,9965.833333,14935.93173,29338,5,29740,14870,20241.63872,29183,557,30644,10214.66667,17075.04103,29927,5,0,0,0,0,104,136,50.17141901,66.89522535,0,2267,337.25,794.1886696,630735.6429,0,0,0,1,0,0,0,0,1,385.4285714,143.6666667,566.75,104,0,0,0,0,0,0,3,431,4,2267,29200,237,1,32,0,0,0,0,0,0,0,0
80,335039,3,4,431,2267,431,0,143.6666667,248.837966,2267,0,566.75,1133.5,8052.793854,20.89309006,55839.83333,108416.2425,275221,4,304536,152268,173881.8001,275221,29315,305765,101921.6667,175727.8414,304834,4,0,0,0,0,104,136,8.954181454,11.9389086,0,2267,337.25,794.1886696,630735.6429,0,0,0,1,0,0,0,0,1,385.4285714,143.6666667,566.75,104,0,0,0,0,0,0,3,431,4,2267,29200,235,1,32,0,0,0,0,0,0,0,0
55573,29,1,1,6,6,6,6,6,0,6,6,6,0,413793.1034,68965.51724,29,0,29,29,0,0,0,0,0,0,0,0,0,0,0,0,0,0,20,20,34482.75862,34482.75862,6,6,6,0,0,0,0,0,0,1,1,0,0,1,9,6,6,20,0,0,0,0,0,0,1,6,1,6,116,252,0,20,0,0,0,0,0,0,0,0
22,1346980,41,42,2664,6954,456,0,64.97560976,109.864573,976,0,165.5714286,320.4037958,7140.417824,61.6193262,16426.58537,106661.9613,954654,1,1346980,33674.5,160533.7679,994984,1,392190,9565.609756,27105.41264,159861,1,0,0,0,0,1328,1360,30.43846234,31.18086386,0,976,114.5,243.3458791,59217.21687,0,0,0,1,0,0,0,0,1,115.8795181,64.97560976,165.5714286,1328,0,0,0,0,0,0,41,2664,42,6954,29200,243,24,32,0,0,0,0,0,0,0,0
138,75288199,21,0,4935,0,235,235,235,0,0,0,0,0,65.54812129,0.278928176,3764409.95,16800000,75300000,1,75300000,3764409.95,16800000,75300000,1,0,0,0,0,0,0,0,0,0,420,0,0.278928176,0,235,235,235,0,0,0,0,0,0,0,0,0,0,0,246.1904762,235,0,420,0,0,0,0,0,0,21,4935,0,0,-1,-1,20,20,20,0,20,20,75300000,0,75300000,75300000
22,139,1,1,0,0,0,0,0,0,0,0,0,0,0,14388.48921,139,0,139,139,0,0,0,0,0,0,0,0,0,0,0,0,0,0,32,32,7194.244604,7194.244604,0,0,0,0,0,0,0,0,0,1,1,0,0,1,0,0,0,32,0,0,0,0,0,0,1,0,1,0,290,243,0,32,0,0,0,0,0,0,0,0
443,5221127,5,1,135,46,46,6,27,20.1246118,46,46,46,0,34.66684492,1.14917718,1044225.4,2282303.087,5126705,49,5221127,1305281.75,2547993.972,5126705,49,0,0,0,0,0,1,0,0,0,100,20,0.95764765,0.19152953,6,46,32.42857143,18.86670032,355.952381,0,1,0,0,1,0,0,0,0,37.83333333,27,46,100,0,0,0,0,0,0,5,135,1,46,256,351,4,20,93578,0,93578,93578,5126705,0,5126705,5126705
53,251,2,2,78,184,39,39,39,0,92,92,92,0,1043824.701,15936.25498,83.66666667,142.3177197,248,1,1,1,0,1,1,2,2,0,2,2,0,0,0,0,64,64,7968.12749,7968.12749,39,92,60.2,29.02929555,842.7,0,0,0,0,0,0,0,0,1,75.25,39,92,64,0,0,0,0,0,0,2,78,2,184,-1,-1,1,32,0,0,0,0,0,0,0,0
53,31020,1,1,82,164,82,82,82,0,164,164,164,0,7930.367505,64.47453256,31020,0,31020,31020,0,0,0,0,0,0,0,0,0,0,0,0,0,0,32,32,32.23726628,32.23726628,82,164,109.3333333,47.34272207,2241.333333,0,0,0,0,0,0,0,0,1,164,82,164,32,0,0,0,0,0,0,1,82,1,164,-1,-1,0,32,0,0,0,0,0,0,0,0
80,5242445,3,1,0,0,0,0,0,0,0,0,0,0,0,0.763002759,1747481.667,3026063.668,5241679,116,5242445,2621222.5,3705885.122,5241679,766,0,0,0,0,0,0,0,0,0,104,40,0.572252069,0.19075069,0,0,0,0,0,0,0,0,1,0,0,0,0,0,0,0,0,104,0,0,0,0,0,0,3,0,1,0,29200,28960,0,32,0,0,0,0,0,0,0,0
80,73,1,1,0,0,0,0,0,0,0,0,0,0,0,27397.26027,73,0,73,73,0,0,0,0,0,0,0,0,0,0,0,0,0,0,32,32,13698.63014,13698.63014,0,0,0,0,0,0,0,0,0,1,1,0,0,1,0,0,0,32,0,0,0,0,0,0,1,0,1,0,257,235,0,32,0,0,0,0,0,0,0,0
123,107015212,14,14,672,672,48,48,48,0,48,48,48,0,12.55896218,0.261645045,3963526.37,14300000,69000000,0,107000000,8231931.077,20100000,69000000,3,107000000,8231934.615,20100000,69000000,0,0,0,0,0,304,304,0.130822523,0.130822523,48,48,48,0,0,0,0,0,0,0,0,0,0,1,49.71428571,48,48,304,0,0,0,0,0,0,14,672,14,672,-1,-1,13,14,3507671.5,4960455.186,7015243,100,50000000,26900000,69000000,31000000
443,4068129,5,1,117,41,45,0,23.4,21.96132965,41,41,41,0,38.83849308,1.474879484,813625.8,1775130.972,3988490,3,4068129,1017032.25,1981320.116,3988490,3,0,0,0,0,0,1,0,0,0,160,32,1.229066237,0.245813247,0,45,28.42857143,19.88179354,395.2857143,0,1,0,0,1,0,0,0,0,33.16666667,23.4,41,160,0,0,0,0,0,0,5,117,1,41,330,137,2,32,0,0,0,0,0,0,0,0
50935,49,1,1,6,6,6,6,6,0,6,6,6,0,244897.9592,40816.32653,49,0,49,49,0,0,0,0,0,0,0,0,0,0,0,0,0,0,20,20,20408.16327,20408.16327,6,6,6,0,0,0,0,0,0,1,1,0,0,1,9,6,6,20,0,0,0,0,0,0,1,6,1,6,294,256,0,20,0,0,0,0,0,0,0,0
80,5987888,3,1,0,0,0,0,0,0,0,0,0,0,0,0.668015167,1995962.667,3456407.285,5987078,67,5987888,2993944,4232930.697,5987078,810,0,0,0,0,0,0,0,0,0,104,40,0.501011375,0.167003792,0,0,0,0,0,0,0,0,1,0,0,0,0,0,0,0,0,104,0,0,0,0,0,0,3,0,1,0,29200,28960,0,32,0,0,0,0,0,0,0,0
80,5086516,5,4,600,4149,600,0,120,268.3281573,4149,0,1037.25,2074.5,933.6449546,1.769383995,635814.5,1765197.44,5003905,4,82611,20652.75,40435.10527,81303,4,5086374,1695458,2866512.802,5005103,847,0,0,0,0,168,136,0.982991108,0.786392887,0,4149,474.9,1304.645584,1702100.1,0,0,0,1,0,0,0,0,0,527.6666667,120,1037.25,168,0,0,0,0,0,0,5,600,4,4149,29200,236,1,32,0,0,0,0,0,0,0,0
389,113095465,48,24,9668,10012,403,0,201.4166667,203.5482935,923,316,417.1666667,231.0809507,174.0122825,0.636630302,1592893.873,4597264.595,16500000,3,113000000,2406286.489,5491986.114,16500000,3,113000000,4917177.522,7084368.263,16500000,3,1,0,0,0,1536,768,0.424420201,0.212210101,0,923,275.109589,233.8332479,54677.98782,0,1,0,0,1,0,0,0,0,278.9305556,201.4166667,417.1666667,1536,0,0,0,0,0,0,48,9668,24,10012,571,2079,23,32,203985.5,575837.2562,1629110,379,13800000,4277541.062,16500000,6737603
443,4215226,5,1,135,46,46,6,27,20.1246118,46,46,46,0,42.93957192,1.423411224,843045.2,1832387.739,4120639,3,4215226,1053806.5,2045021.427,4120639,3,0,0,0,0,0,1,0,0,0,100,20,1.18617602,0.237235204,6,46,32.42857143,18.86670032,355.952381,0,1,0,0,1,0,0,0,0,37.83333333,27,46,100,0,0,0,0,0,0,5,135,1,46,255,377,4,20,0,0,0,0,0,0,0,0
80,43,1,1,0,0,0,0,0,0,0,0,0,0,0,46511.62791,43,0,43,43,0,0,0,0,0,0,0,0,0,0,0,0,0,0,32,32,23255.81395,23255.81395,0,0,0,0,0,0,0,0,0,1,1,0,0,1,0,0,0,32,0,0,0,0,0,0,1,0,1,0,258,235,0,32,0,0,0,0,0,0,0,0
53,355559,2,2,54,86,27,27,27,0,43,43,43,0,393.7461856,11.24989102,118519.6667,205275.1562,355551,3,5,5,0,5,5,3,3,0,3,3,0,0,0,0,64,40,5.624945508,5.624945508,27,43,33.4,8.76356092,76.8,0,0,0,0,0,0,0,0,1,41.75,27,43,64,0,0,0,0,0,0,2,54,2,86,-1,-1,1,32,0,0,0,0,0,0,0,0
80,4050296,3,1,0,0,0,0,0,0,0,0,0,0,0,0.987582142,1350098.667,2337892.169,4049664,91,4050296,2025148,2863097.984,4049664,632,0,0,0,0,0,0,0,0,0,104,40,0.740686607,0.246895536,0,0,0,0,0,0,0,0,1,0,0,0,0,0,0,0,0,104,0,0,0,0,0,0,3,0,1,0,29200,28960,0,32,0,0,0,0,0,0,0,0
80,5869415,3,1,0,0,0,0,0,0,0,0,0,0,0,0.681498923,1956471.667,3387960.1,5868551,107,5869415,2934707.5,4149081.268,5868551,864,0,0,0,0,0,0,0,0,0,104,40,0.511124192,0.170374731,0,0,0,0,0,0,0,0,1,0,0,0,0,0,0,0,0,104,0,0,0,0,0,0,3,0,1,0,29200,28960,0,32,0,0,0,0,0,0,0,0
80,5929169,3,1,0,0,0,0,0,0,0,0,0,0,0,0.674630796,1976389.667,3422462.553,5928309,96,5929169,2964584.5,4191339.383,5928309,860,0,0,0,0,0,0,0,0,0,104,40,0.505973097,0.168657699,0,0,0,0,0,0,0,0,1,0,0,0,0,0,0,0,0,104,0,0,0,0,0,0,3,0,1,0,29200,28960,0,32,0,0,0,0,0,0,0,0
80,42,1,1,0,0,0,0,0,0,0,0,0,0,0,47619.04762,42,0,42,42,0,0,0,0,0,0,0,0,0,0,0,0,0,0,32,32,23809.52381,23809.52381,0,0,0,0,0,0,0,0,0,1,1,0,0,1,0,0,0,32,0,0,0,0,0,0,1,0,1,0,257,235,0,32,0,0,0,0,0,0,0,0
80,5016759,5,5,599,4149,599,0,119.8,267.8809437,2701,0,829.8,1219.555739,946.4277634,1.993318794,557417.6667,1667490.203,5004049,4,12710,3177.5,5465.625216,11356,4,5016632,1254158,2500655.185,5005134,47,0,0,0,0,168,168,0.996659397,0.996659397,0,2701,431.6363636,877.5817082,770149.6545,0,0,0,1,0,0,0,0,1,474.8,119.8,829.8,168,0,0,0,0,0,0,5,599,5,4149,29200,236,1,32,0,0,0,0,0,0,0,0
53,49102,2,2,112,480,56,56,56,0,240,240,240,0,12056.53538,81.46307686,16367.33333,28256.38895,48995,47,47,47,0,47,47,60,60,0,60,60,0,0,0,0,40,40,40.73153843,40.73153843,56,240,129.6,100.7809506,10156.8,0,0,0,0,0,0,0,0,1,162,56,240,40,0,0,0,0,0,0,2,112,2,480,-1,-1,1,20,0,0,0,0,0,0,0,0
443,372,2,0,0,0,0,0,0,0,0,0,0,0,0,5376.344086,372,0,372,372,372,372,0,372,372,0,0,0,0,0,0,0,0,0,64,0,5376.344086,0,0,0,0,0,0,0,0,0,0,1,0,0,0,0,0,0,0,64,0,0,0,0,0,0,2,0,0,0,320,-1,0,32,0,0,0,0,0,0,0,0
443,4,2,0,12,0,6,6,6,0,0,0,0,0,3000000,500000,4,0,4,4,4,4,0,4,4,0,0,0,0,0,0,0,0,0,40,0,500000,0,6,6,6,0,0,1,0,0,0,0,0,0,0,0,9,6,0,40,0,0,0,0,0,0,2,12,0,0,0,-1,1,20,0,0,0,0,0,0,0,0
443,3202583,5,1,135,46,46,6,27,20.1246118,46,46,46,0,56.51688028,1.873487744,640516.6,1379803.491,3108408,4,3202583,800645.75,1539133.312,3108408,4,0,0,0,0,0,1,0,0,0,100,20,1.561239787,0.312247957,6,46,32.42857143,18.86670032,355.952381,0,1,0,0,1,0,0,0,0,37.83333333,27,46,100,0,0,0,0,0,0,5,135,1,46,256,351,4,20,0,0,0,0,0,0,0,0
80,66,1,1,0,0,0,0,0,0,0,0,0,0,0,30303.0303,66,0,66,66,0,0,0,0,0,0,0,0,0,0,0,0,0,0,32,32,15151.51515,15151.51515,0,0,0,0,0,0,0,0,0,1,1,0,0,1,0,0,0,32,0,0,0,0,0,0,1,0,1,0,241,235,0,32,0,0,0,0,0,0,0,0
80,5326345,3,1,0,0,0,0,0,0,0,0,0,0,0,0.750984024,1775448.333,3074422.823,5325486,85,5326345,2663172.5,3765079.859,5325486,859,0,0,0,0,0,0,0,0,0,104,40,0.563238018,0.187746006,0,0,0,0,0,0,0,0,1,0,0,0,0,0,0,0,0,104,0,0,0,0,0,0,3,0,1,0,29200,28960,0,32,0,0,0,0,0,0,0,0
45895,101,1,2,0,0,0,0,0,0,0,0,0,0,0,29702.9703,50.5,2.121320344,52,49,0,0,0,0,0,49,49,0,49,49,0,0,0,0,32,64,9900.990099,19801.9802,0,0,0,0,0,0,0,0,0,1,1,0,0,2,0,0,0,32,0,0,0,0,0,0,1,0,2,0,243,290,0,32,0,0,0,0,0,0,0,0
80,5524256,3,1,0,0,0,0,0,0,0,0,0,0,0,0.724079405,1841418.667,3188699.777,5523412,128,5524256,2762128,3905045.282,5523412,844,0,0,0,0,0,0,0,0,0,104,40,0.543059554,0.181019851,0,0,0,0,0,0,0,0,1,0,0,0,0,0,0,0,0,104,0,0,0,0,0,0,3,0,1,0,29200,28960,0,32,0,0,0,0,0,0,0,0
80,3533692,3,1,0,0,0,0,0,0,0,0,0,0,0,1.131960567,1177897.333,2039344.921,3532730,283,3533692,1766846,2497337.102,3532730,962,0,0,0,0,0,0,0,0,0,104,40,0.848970425,0.282990142,0,0,0,0,0,0,0,0,1,0,0,0,0,0,0,0,0,104,0,0,0,0,0,0,3,0,1,0,29200,28960,0,32,0,0,0,0,0,0,0,0
80,1595898,3,1,0,0,0,0,0,0,0,0,0,0,0,2.506425849,531966,920630.9569,1595019,126,1595898,797949,1127227.204,1595019,879,0,0,0,0,0,0,0,0,0,104,40,1.879819387,0.626606462,0,0,0,0,0,0,0,0,1,0,0,0,0,0,0,0,0,104,0,0,0,0,0,0,3,0,1,0,29200,28960,0,32,0,0,0,0,0,0,0,0
53,269,2,2,102,322,51,51,51,0,161,161,161,0,1576208.178,14869.88848,89.66666667,148.3790192,261,4,4,4,0,4,4,4,4,0,4,4,0,0,0,0,64,64,7434.944238,7434.944238,51,161,95,60.24948133,3630,0,0,0,0,0,0,0,0,1,118.75,51,161,64,0,0,0,0,0,0,2,102,2,322,-1,-1,1,32,0,0,0,0,0,0,0,0
443,156574,6,6,1445,594,865,0,240.8333333,366.1100472,414,0,99,162.7218486,13022.59634,76.64107706,14234,23518.63591,50920,1,104139,20827.8,27425.00738,50935,197,105844,21168.8,28303.77971,52642,1,0,0,0,0,140,132,38.32053853,38.32053853,0,865,156.8461538,272.2706515,74131.30769,0,0,0,1,0,0,0,0,1,169.9166667,240.8333333,99,140,0,0,0,0,0,0,6,1445,6,594,29200,41,5,20,0,0,0,0,0,0,0,0
80,5537889,3,1,0,0,0,0,0,0,0,0,0,0,0,0.72229689,1845963,3196658.254,5537146,170,5537889,2768944.5,3914828.105,5537146,743,0,0,0,0,0,0,0,0,0,104,40,0.541722667,0.180574222,0,0,0,0,0,0,0,0,1,0,0,0,0,0,0,0,0,104,0,0,0,0,0,0,3,0,1,0,29200,28960,0,32,0,0,0,0,0,0,0,0
80,3876494,3,1,0,0,0,0,0,0,0,0,0,0,0,1.031860232,1292164.667,2237479.987,3875784,134,3876494,1938247,2740091.103,3875784,710,0,0,0,0,0,0,0,0,0,104,40,0.773895174,0.257965058,0,0,0,0,0,0,0,0,1,0,0,0,0,0,0,0,0,104,0,0,0,0,0,0,3,0,1,0,29200,28960,0,32,0,0,0,0,0,0,0,0
80,5475890,3,1,0,0,0,0,0,0,0,0,0,0,0,0.730474863,1825296.667,3160879.575,5475166,93,5475890,2737945,3871015.061,5475166,724,0,0,0,0,0,0,0,0,0,104,40,0.547856148,0.182618716,0,0,0,0,0,0,0,0,1,0,0,0,0,0,0,0,0,104,0,0,0,0,0,0,3,0,1,0,29200,28960,0,32,0,0,0,0,0,0,0,0
80,5576392,3,1,0,0,0,0,0,0,0,0,0,0,0,0.717309687,1858797.333,3218750.285,5575490,119,5576392,2788196,3941828.977,5575490,902,0,0,0,0,0,0,0,0,0,104,40,0.537982265,0.179327422,0,0,0,0,0,0,0,0,1,0,0,0,0,0,0,0,0,104,0,0,0,0,0,0,3,0,1,0,29200,28960,0,32,0,0,0,0,0,0,0,0
80,5389098,3,1,0,0,0,0,0,0,0,0,0,0,0,0.742239239,1796366,3110790.971,5388398,134,5389098,2694549,3809677.791,5388398,700,0,0,0,0,0,0,0,0,0,104,40,0.556679429,0.18555981,0,0,0,0,0,0,0,0,1,0,0,0,0,0,0,0,0,104,0,0,0,0,0,0,3,0,1,0,29200,28960,0,32,0,0,0,0,0,0,0,0
80,5088371,4,4,358,763,358,0,89.5,179,763,0,190.75,381.5,220.306263,1.572212404,726910.1429,1885618.448,5002505,4,85866,28622,48725.89401,84883,4,5088295,1696098.333,2864350.285,5003217,980,0,0,0,0,136,136,0.786106202,0.786106202,0,763,124.5555556,267.0922645,71338.27778,0,0,0,1,0,0,0,0,1,140.125,89.5,190.75,136,0,0,0,0,0,0,4,358,4,763,29200,235,1,32,0,0,0,0,0,0,0,0
80,81,1,1,0,0,0,0,0,0,0,0,0,0,0,24691.35802,81,0,81,81,0,0,0,0,0,0,0,0,0,0,0,0,0,0,32,32,12345.67901,12345.67901,0,0,0,0,0,0,0,0,0,1,1,0,0,1,0,0,0,32,0,0,0,0,0,0,1,0,1,0,270,252,0,32,0,0,0,0,0,0,0,0
80,5271123,7,5,969,1430,561,0,138.4285714,240.5021532,1066,0,286,463.646417,455.1212332,2.27655473,479193,1488840.005,4961916,46,5271123,878520.5,2003102.755,4961916,323,270207,67551.75,131604.8651,264957,1034,0,0,0,0,232,168,1.327990259,0.948564471,0,1066,184.5384615,330.0668153,108944.1026,0,0,0,1,0,0,0,0,0,199.9166667,138.4285714,286,232,0,0,0,0,0,0,7,969,5,1430,29200,244,2,32,0,0,0,0,0,0,0,0
80,5289446,3,1,0,0,0,0,0,0,0,0,0,0,0,0.756222863,1763148.667,3053098.391,5288563,93,5289446,2644723,3738954.385,5288563,883,0,0,0,0,0,0,0,0,0,104,40,0.567167148,0.189055716,0,0,0,0,0,0,0,0,1,0,0,0,0,0,0,0,0,104,0,0,0,0,0,0,3,0,1,0,29200,28960,0,32,0,0,0,0,0,0,0,0
123,94386,1,1,48,48,48,48,48,0,48,48,48,0,1017.099994,21.1895832,94386,0,94386,94386,0,0,0,0,0,0,0,0,0,0,0,0,0,0,20,20,10.5947916,10.5947916,48,48,48,0,0,0,0,0,0,0,0,0,0,1,72,48,48,20,0,0,0,0,0,0,1,48,1,48,-1,-1,0,20,0,0,0,0,0,0,0,0
443,1019181,9,11,703,3950,267,0,78.11111111,103.3022803,1448,0,359.0909091,569.9183195,4565.430478,19.62359973,53641.10526,89716.40025,367548,3,870335,108791.875,151004.0417,462483,215,924077,92407.7,118346.8819,367548,3,0,0,0,0,296,360,8.83061988,10.79297985,0,1448,221.5714286,434.4990876,188789.4571,0,0,0,1,0,0,0,0,1,232.65,78.11111111,359.0909091,296,0,0,0,0,0,0,9,703,11,3950,29200,252,4,32,0,0,0,0,0,0,0,0
80,5482670,3,1,0,0,0,0,0,0,0,0,0,0,0,0.729571541,1827556.667,3164673.635,5481807,129,5482670,2741335,3875612.67,5481807,863,0,0,0,0,0,0,0,0,0,104,40,0.547178656,0.182392885,0,0,0,0,0,0,0,0,1,0,0,0,0,0,0,0,0,104,0,0,0,0,0,0,3,0,1,0,29200,28960,0,32,0,0,0,0,0,0,0,0
80,47279,3,4,440,860,440,0,146.6666667,254.0341184,860,0,215,430,27496.35145,148.057277,7879.833333,11915.87804,23270,3,23513,11756.5,16371.6433,23333,180,24009,8003,13419.72611,23496,3,0,0,0,0,104,136,63.45311872,84.60415829,0,860,162.5,321.1474962,103135.7143,0,0,0,1,0,0,0,0,1,185.7142857,146.6666667,215,104,0,0,0,0,0,0,3,440,4,860,29200,31,1,32,0,0,0,0,0,0,0,0
80,3186267,3,3,0,0,0,0,0,0,0,0,0,0,0,1.883081361,637253.4,916909.6427,2023729,85,1162538,581269,788875.1951,1139088,23450,3162906,1581453,625592.9257,2023814,1139092,0,0,0,0,104,112,0.941540681,0.941540681,0,0,0,0,0,0,0,0,1,0,0,0,0,1,0,0,0,104,0,0,0,0,0,0,3,0,3,0,29200,29,0,32,0,0,0,0,0,0,0,0
443,5221610,5,1,135,46,46,6,27,20.1246118,46,46,46,0,34.66363823,1.14907088,1044322,2282288.693,5126777,3,5221610,1305402.5,2547959.106,5126777,3,0,0,0,0,0,1,0,0,0,100,20,0.957559067,0.191511813,6,46,32.42857143,18.86670032,355.952381,0,1,0,0,1,0,0,0,0,37.83333333,27,46,100,0,0,0,0,0,0,5,135,1,46,257,410,4,20,93517,0,93517,93517,5126777,0,5126777,5126777
80,5947237,3,1,0,0,0,0,0,0,0,0,0,0,0,0.672581234,1982412.333,3433107.154,5946623,36,5947237,2973618.5,4204463.285,5946623,614,0,0,0,0,0,0,0,0,0,104,40,0.504435925,0.168145308,0,0,0,0,0,0,0,0,1,0,0,0,0,0,0,0,0,104,0,0,0,0,0,0,3,0,1,0,29200,28960,0,32,0,0,0,0,0,0,0,0
80,5113804,3,1,0,0,0,0,0,0,0,0,0,0,0,0.78219658,1704601.333,2951700.093,5112931,122,5113804,2556902,3614770.878,5112931,873,0,0,0,0,0,0,0,0,0,104,40,0.586647435,0.195549145,0,0,0,0,0,0,0,0,1,0,0,0,0,0,0,0,0,104,0,0,0,0,0,0,3,0,1,0,29200,28960,0,32,0,0,0,0,0,0,0,0
55471,36,1,1,6,6,6,6,6,0,6,6,6,0,333333.3333,55555.55556,36,0,36,36,0,0,0,0,0,0,0,0,0,0,0,0,0,0,20,20,27777.77778,27777.77778,6,6,6,0,0,0,0,0,0,1,1,0,0,1,9,6,6,20,0,0,0,0,0,0,1,6,1,6,351,258,0,20,0,0,0,0,0,0,0,0
80,5587804,3,1,0,0,0,0,0,0,0,0,0,0,0,0.715844722,1862601.333,3225421.277,5586997,85,5587804,2793902,3950032.83,5586997,807,0,0,0,0,0,0,0,0,0,104,40,0.536883541,0.17896118,0,0,0,0,0,0,0,0,1,0,0,0,0,0,0,0,0,104,0,0,0,0,0,0,3,0,1,0,29200,28960,0,32,0,0,0,0,0,0,0,0
80,5310342,3,1,0,0,0,0,0,0,0,0,0,0,0,0.753247154,1770114,3065326.37,5309648,118,5310342,2655171,3753997.374,5309648,694,0,0,0,0,0,0,0,0,0,104,40,0.564935366,0.188311789,0,0,0,0,0,0,0,0,1,0,0,0,0,0,0,0,0,104,0,0,0,0,0,0,3,0,1,0,29200,28960,0,32,0,0,0,0,0,0,0,0
80,5605529,3,1,0,0,0,0,0,0,0,0,0,0,0,0.71358118,1868509.667,3235581.194,5604637,175,5605529,2802764.5,3962446.09,5604637,892,0,0,0,0,0,0,0,0,0,104,40,0.535185885,0.178395295,0,0,0,0,0,0,0,0,1,0,0,0,0,0,0,0,0,104,0,0,0,0,0,0,3,0,1,0,29200,28960,0,32,0,0,0,0,0,0,0,0
443,1359981,14,11,1947,7105,802,0,139.0714286,286.6894499,1448,0,645.9090909,617.0182258,6655.975341,18.38260976,56665.875,195016.0015,964726,0,1359747,104595.9231,260722.5333,964729,1,1293598,129359.8,309065.8691,1003347,47,0,0,0,0,456,360,10.29426146,8.088348293,0,1448,348.1538462,513.1885963,263362.5354,0,0,0,1,0,0,0,0,0,362.08,139.0714286,645.9090909,456,0,0,0,0,0,0,14,1947,11,7105,29200,39,4,32,0,0,0,0,0,0,0,0
50934,3,1,1,6,6,6,6,6,0,6,6,6,0,4000000,666666.6667,3,0,3,3,0,0,0,0,0,0,0,0,0,0,0,0,0,0,20,20,333333.3333,333333.3333,6,6,6,0,0,0,0,0,0,1,1,0,0,1,9,6,6,20,0,0,0,0,0,0,1,6,1,6,294,256,0,20,0,0,0,0,0,0,0,0
443,194,2,0,0,0,0,0,0,0,0,0,0,0,0,10309.27835,194,0,194,194,194,194,0,194,194,0,0,0,0,0,0,0,0,0,64,0,10309.27835,0,0,0,0,0,0,0,0,0,0,1,0,0,0,0,0,0,0,64,0,0,0,0,0,0,2,0,0,0,245,-1,0,32,0,0,0,0,0,0,0,0
80,5968066,3,1,0,0,0,0,0,0,0,0,0,0,0,0.670233875,1989355.333,3444908.483,5967193,159,5968066,2984033,4218825.331,5967193,873,0,0,0,0,0,0,0,0,0,104,40,0.502675406,0.167558469,0,0,0,0,0,0,0,0,1,0,0,0,0,0,0,0,0,104,0,0,0,0,0,0,3,0,1,0,29200,28960,0,32,0,0,0,0,0,0,0,0
22,168,1,1,6,6,6,6,6,0,6,6,6,0,71428.57143,11904.7619,168,0,168,168,0,0,0,0,0,0,0,0,0,0,0,0,0,0,20,20,5952.380952,5952.380952,6,6,6,0,0,0,0,0,0,1,1,0,0,1,9,6,6,20,0,0,0,0,0,0,1,6,1,6,250,245,0,20,0,0,0,0,0,0,0,0
53,26386,2,2,68,190,34,34,34,0,95,95,95,0,9777.912529,151.5955431,8795.333333,15229.63415,26381,1,1,1,0,1,1,4,4,0,4,4,0,0,0,0,64,64,75.79777155,75.79777155,34,95,58.4,33.41107601,1116.3,0,0,0,0,0,0,0,0,1,73,34,95,64,0,0,0,0,0,0,2,68,2,190,-1,-1,1,32,0,0,0,0,0,0,0,0
55470,22,1,1,6,6,6,6,6,0,6,6,6,0,545454.5455,90909.09091,22,0,22,22,0,0,0,0,0,0,0,0,0,0,0,0,0,0,20,20,45454.54545,45454.54545,6,6,6,0,0,0,0,0,0,1,1,0,0,1,9,6,6,20,0,0,0,0,0,0,1,6,1,6,360,255,0,20,0,0,0,0,0,0,0,0
53,257,2,2,68,132,34,34,34,0,66,66,66,0,778210.1167,15564.20233,85.66666667,106.6130073,206,3,3,3,0,3,3,48,48,0,48,48,0,0,0,0,40,40,7782.101167,7782.101167,34,66,46.8,17.52712184,307.2,0,0,0,0,0,0,0,0,1,58.5,34,66,40,0,0,0,0,0,0,2,68,2,132,-1,-1,1,20,0,0,0,0,0,0,0,0
48715,3,2,0,31,0,31,0,15.5,21.92031022,0,0,0,0,10300000,666666.6667,3,0,3,3,3,3,0,3,3,0,0,0,0,0,1,0,0,0,64,0,666666.6667,0,0,31,20.66666667,17.89785834,320.3333333,0,1,0,0,1,0,0,0,0,31,15.5,0,64,0,0,0,0,0,0,2,31,0,0,124,-1,0,32,0,0,0,0,0,0,0,0
443,121,2,0,0,0,0,0,0,0,0,0,0,0,0,16528.92562,121,0,121,121,121,121,0,121,121,0,0,0,0,0,0,0,0,0,64,0,16528.92562,0,0,0,0,0,0,0,0,0,0,1,0,0,0,0,0,0,0,64,0,0,0,0,0,0,2,0,0,0,3061,-1,0,32,0,0,0,0,0,0,0,0
53,31141,2,2,148,312,74,74,74,0,156,156,156,0,14771.52307,128.4480267,10380.33333,17973.20256,31134,3,3,3,0,3,3,4,4,0,4,4,0,0,0,0,64,40,64.22401336,64.22401336,74,156,106.8,44.91324972,2017.2,0,0,0,0,0,0,0,0,1,133.5,74,156,64,0,0,0,0,0,0,2,148,2,312,-1,-1,1,32,0,0,0,0,0,0,0,0
53,302,2,2,68,190,34,34,34,0,95,95,95,0,854304.6358,13245.03311,100.6666667,134.7677014,254,1,1,1,0,1,1,47,47,0,47,47,0,0,0,0,40,40,6622.516556,6622.516556,34,95,58.4,33.41107601,1116.3,0,0,0,0,0,0,0,0,1,73,34,95,40,0,0,0,0,0,0,2,68,2,190,-1,-1,1,20,0,0,0,0,0,0,0,0
443,317780,7,6,1113,3701,741,0,159,271.2127087,1481,0,616.8333333,681.2701129,15148.84511,40.90880483,26481.66667,35158.60627,90455,39,226752,37792,44710.12216,95303,215,227325,45465,45869.32894,94781,245,0,0,0,0,232,200,22.02781799,18.88098685,0,1481,343.8571429,523.7822297,274347.8242,0,0,0,1,0,0,0,0,0,370.3076923,159,616.8333333,232,0,0,0,0,0,0,7,1113,6,3701,29200,36,3,32,0,0,0,0,0,0,0,0
443,1501957,9,10,703,3950,267,0,78.11111111,103.3022803,1448,0,395,587.483144,3097.958197,12.65016242,83442.05556,208405.5552,897273,4,1394795,174349.375,333992.6281,992519,202,1406543,156282.5556,286402.8338,897273,4,0,0,0,0,296,328,5.9921822,6.657980222,0,1448,232.65,442.7331708,196012.6605,0,0,0,1,0,0,0,0,1,244.8947368,78.11111111,395,296,0,0,0,0,0,0,9,703,10,3950,29200,252,4,32,0,0,0,0,0,0,0,0
80,5020638,7,4,973,1430,565,0,139,241.6754021,1066,0,357.5,502.5359025,478.6244298,2.190956608,502063.8,1567338.192,4962654,18,5020638,836773,2021330.139,4962654,18,18708,6236,5195.494587,11318,934,0,0,0,0,232,136,1.394245114,0.796711494,0,1066,200.25,340.2325742,115758.2045,0,0,0,1,0,0,0,0,0,218.4545455,139,357.5,232,0,0,0,0,0,0,7,973,4,1430,29200,244,2,32,0,0,0,0,0,0,0,0
80,20847788,83,43,16995,36979,602,0,204.7590361,224.3032894,7240,0,859.9767442,1081.10793,2588.95572,6.043806662,166782.304,499168.9413,1965189,64,20800000,254241.3171,599171.8212,1965189,274,19300000,458708.1667,774043.8345,2005596,66,0,0,0,0,2664,1384,3.981237722,2.06256894,0,7240,424.992126,721.3159215,520296.6587,0,0,0,1,0,0,0,0,0,428.3650794,204.7590361,859.9767442,2664,0,0,0,0,0,0,83,16995,43,36979,29200,597,40,32,0,0,0,0,0,0,0,0
443,4214982,5,1,135,46,46,6,27,20.1246118,46,46,46,0,42.94205764,1.423493623,842996.4,1832356.425,4120531,3,4214982,1053745.5,2044993.405,4120531,3,0,0,0,0,0,1,0,0,0,100,20,1.186244686,0.237248937,6,46,32.42857143,18.86670032,355.952381,0,1,0,0,1,0,0,0,0,37.83333333,27,46,100,0,0,0,0,0,0,5,135,1,46,258,361,4,20,0,0,0,0,0,0,0,0
22,1275515,41,44,2728,6634,456,0,66.53658537,110.1299454,976,0,150.7727273,312.8277529,7339.780402,66.63974943,15184.70238,104662.9286,954644,0,1275515,31887.875,159136.2147,996662,3,320749,7459.27907,19187.01239,104864,1,0,0,0,0,1328,1424,32.14387914,34.4958703,0,976,108.8604651,239.0117478,57126.6156,0,0,0,1,0,0,0,0,1,110.1411765,66.53658537,150.7727273,1328,0,0,0,0,0,0,41,2728,44,6634,29200,243,24,32,0,0,0,0,0,0,0,0
80,5009163,4,4,599,2021,599,0,149.75,299.5,2021,0,505.25,1010.5,523.0414742,1.597073204,715594.7143,1890923.412,5003805,56,5358,1786,2252.041074,4381,343,5009082,1669694,2888011.439,5004482,952,0,0,0,0,136,136,0.798536602,0.798536602,0,2021,291.1111111,678.2819186,460066.3611,0,0,0,1,0,0,0,0,1,327.5,149.75,505.25,136,0,0,0,0,0,0,4,599,4,2021,29200,236,1,32,0,0,0,0,0,0,0,0
80,5414661,3,1,0,0,0,0,0,0,0,0,0,0,0,0.738735075,1804887,3125379.177,5413764,136,5414661,2707330.5,3827474.961,5413764,897,0,0,0,0,0,0,0,0,0,104,40,0.554051306,0.184683769,0,0,0,0,0,0,0,0,1,0,0,0,0,0,0,0,0,104,0,0,0,0,0,0,3,0,1,0,29200,28960,0,32,0,0,0,0,0,0,0,0
80,71,1,1,0,0,0,0,0,0,0,0,0,0,0,28169.01408,71,0,71,71,0,0,0,0,0,0,0,0,0,0,0,0,0,0,32,32,14084.50704,14084.50704,0,0,0,0,0,0,0,0,0,1,1,0,0,1,0,0,0,32,0,0,0,0,0,0,1,0,1,0,237,235,0,32,0,0,0,0,0,0,0,0
80,5005388,5,3,599,2021,599,0,119.8,267.8809437,2021,0,673.6666667,1166.824894,523.4359454,1.598277696,715055.4286,1889547.295,5000145,4,5005388,1251347,2499199.36,5000145,4,4429,2214.5,1892.924853,3553,876,0,0,0,0,168,104,0.99892356,0.599354136,0,2021,291.1111111,678.2819186,460066.3611,0,0,0,1,0,0,0,0,0,327.5,119.8,673.6666667,168,0,0,0,0,0,0,5,599,3,2021,29200,236,1,32,0,0,0,0,0,0,0,0
55481,42,1,1,6,6,6,6,6,0,6,6,6,0,285714.2857,47619.04762,42,0,42,42,0,0,0,0,0,0,0,0,0,0,0,0,0,0,20,20,23809.52381,23809.52381,6,6,6,0,0,0,0,0,0,1,1,0,0,1,9,6,6,20,0,0,0,0,0,0,1,6,1,6,296,253,0,20,0,0,0,0,0,0,0,0
80,5069927,4,4,460,1840,460,0,115,230,1840,0,460,920,453.6554471,1.57793199,724275.2857,1885988.001,5000920,4,69007,23002.33333,39060.03203,68102,4,5069799,1689933,2868230.999,5001659,870,0,0,0,0,136,136,0.788965995,0.788965995,0,1840,255.5555556,613.3333333,376177.7778,0,0,0,1,0,0,0,0,1,287.5,115,460,136,0,0,0,0,0,0,4,460,4,1840,29200,235,1,32,0,0,0,0,0,0,0,0
80,5006168,4,4,599,2021,599,0,149.75,299.5,2021,0,505.25,1010.5,523.35439,1.598028672,715166.8571,1889455.998,5000049,108,6119,2039.666667,2628.237496,5066,330,5005995,1668665,2885649.943,5000726,988,0,0,0,0,136,136,0.799014336,0.799014336,0,2021,291.1111111,678.2819186,460066.3611,0,0,0,1,0,0,0,0,1,327.5,149.75,505.25,136,0,0,0,0,0,0,4,599,4,2021,29200,236,1,32,0,0,0,0,0,0,0,0
80,5006127,4,4,447,530,447,0,111.75,223.5,530,0,132.5,265,195.1608499,1.59804176,715161,1889619.815,5000415,4,5712,1904,2168.235227,4266,4,5005996,1668665.333,2885896.206,5001011,1407,0,0,0,0,136,136,0.79902088,0.79902088,0,530,108.5555556,216.4053552,46831.27778,0,0,0,1,0,0,0,0,1,122.125,111.75,132.5,136,0,0,0,0,0,0,4,447,4,530,29200,235,1,32,0,0,0,0,0,0,0,0
443,300960,6,6,1365,648,741,0,227.5,321.6462342,421,0,108,167.5362647,6688.596491,39.87240829,27360,41353.20009,90631,3,209887,41977.4,45679.67301,90656,336,210495,42099,58136.44963,118193,3,0,0,0,0,200,200,19.93620415,19.93620415,0,741,154.8461538,246.0419497,60536.64103,0,0,0,1,0,0,0,0,1,167.75,227.5,108,200,0,0,0,0,0,0,6,1365,6,648,29200,34,3,32,0,0,0,0,0,0,0,0
50913,52,1,1,6,6,6,6,6,0,6,6,6,0,230769.2308,38461.53846,52,0,52,52,0,0,0,0,0,0,0,0,0,0,0,0,0,0,20,20,19230.76923,19230.76923,6,6,6,0,0,0,0,0,0,1,1,0,0,1,9,6,6,20,0,0,0,0,0,0,1,6,1,6,980,253,0,20,0,0,0,0,0,0,0,0
50494,4,2,1,247,6,216,31,123.5,130.8147545,6,6,6,0,63300000,750000,2,2.828427125,4,0,4,4,0,4,4,0,0,0,0,0,1,0,0,0,40,20,500000,250000,6,216,117.25,114.4825314,13106.25,0,1,0,0,1,0,0,0,0,156.3333333,123.5,6,40,0,0,0,0,0,0,2,247,1,6,60,0,1,20,0,0,0,0,0,0,0,0
45426,105,1,2,0,0,0,0,0,0,0,0,0,0,0,28571.42857,52.5,6.363961031,57,48,0,0,0,0,0,48,48,0,48,48,0,0,0,0,32,64,9523.809524,19047.61905,0,0,0,0,0,0,0,0,0,1,1,0,0,2,0,0,0,32,0,0,0,0,0,0,1,0,2,0,243,290,0,32,0,0,0,0,0,0,0,0
53,171,2,2,46,196,23,23,23,0,98,98,98,0,1415204.678,23391.81287,57,57.41950888,118,4,4,4,0,4,4,49,49,0,49,49,0,0,0,0,64,64,11695.90643,11695.90643,23,98,53,41.07919181,1687.5,0,0,0,0,0,0,0,0,1,66.25,23,98,64,0,0,0,0,0,0,2,46,2,196,-1,-1,1,32,0,0,0,0,0,0,0,0
443,5222159,5,1,135,46,46,6,27,20.1246118,46,46,46,0,34.65999408,1.14895008,1044431.8,2290971.322,5142500,3,5222159,1305539.75,2558229.324,5142500,3,0,0,0,0,0,1,0,0,0,100,20,0.9574584,0.19149168,6,46,32.42857143,18.86670032,355.952381,0,1,0,0,1,0,0,0,0,37.83333333,27,46,100,0,0,0,0,0,0,5,135,1,46,252,128,4,20,77704,0,77704,77704,5142500,0,5142500,5142500
22,211,1,1,0,0,0,0,0,0,0,0,0,0,0,9478.672986,211,0,211,211,0,0,0,0,0,0,0,0,0,0,0,0,0,0,32,32,4739.336493,4739.336493,0,0,0,0,0,0,0,0,0,1,1,0,0,1,0,0,0,32,0,0,0,0,0,0,1,0,1,0,290,243,0,32,0,0,0,0,0,0,0,0
55641,49,1,3,6,18,6,6,6,0,6,6,6,0,489795.9184,81632.65306,16.33333333,24.84619354,45,1,0,0,0,0,0,4,2,1.414213562,3,1,0,0,0,0,20,60,20408.16327,61224.4898,6,6,6,0,0,1,0,0,0,0,0,0,0,3,7.5,6,6,20,0,0,0,0,0,0,1,6,3,18,0,0,0,20,0,0,0,0,0,0,0,0
80,5057374,10,7,736,9880,395,0,73.6,155.6835822,4344,0,1411.428571,1639.91543,2099.113097,3.361428283,316085.875,1239255.101,4963124,36,5057374,561930.4444,1650529.188,4963124,192,56185,9364.166667,10567.11844,21624,36,0,0,0,0,328,232,1.977310755,1.384117528,0,4344,589.7777778,1190.454068,1417180.889,0,0,0,1,0,0,0,0,0,624.4705882,73.6,1411.428571,328,0,0,0,0,0,0,10,736,7,9880,29200,243,2,32,0,0,0,0,0,0,0,0
80,5768922,3,1,0,0,0,0,0,0,0,0,0,0,0,0.693370443,1922974,3329872.022,5767979,167,5768922,2884461,4077910.263,5767979,943,0,0,0,0,0,0,0,0,0,104,40,0.520027832,0.173342611,0,0,0,0,0,0,0,0,1,0,0,0,0,0,0,0,0,104,0,0,0,0,0,0,3,0,1,0,29200,28960,0,32,0,0,0,0,0,0,0,0
50512,3,2,0,37,0,31,6,18.5,17.67766953,0,0,0,0,12300000,666666.6667,3,0,3,3,3,3,0,3,3,0,0,0,0,0,1,0,0,0,40,0,666666.6667,0,6,31,22.66666667,14.43375673,208.3333333,0,1,0,0,1,0,0,0,0,34,18.5,0,40,0,0,0,0,0,0,2,37,0,0,60,-1,1,20,0,0,0,0,0,0,0,0
80,5039763,3,1,0,0,0,0,0,0,0,0,0,0,0,0.793688116,1679921,2908974.148,5038915,147,5039763,2519881.5,3562451.34,5038915,848,0,0,0,0,0,0,0,0,0,104,40,0.595266087,0.198422029,0,0,0,0,0,0,0,0,1,0,0,0,0,0,0,0,0,104,0,0,0,0,0,0,3,0,1,0,29200,28960,0,32,0,0,0,0,0,0,0,0
80,48,1,1,0,0,0,0,0,0,0,0,0,0,0,41666.66667,48,0,48,48,0,0,0,0,0,0,0,0,0,0,0,0,0,0,32,32,20833.33333,20833.33333,0,0,0,0,0,0,0,0,0,1,1,0,0,1,0,0,0,32,0,0,0,0,0,0,1,0,1,0,296,236,0,32,0,0,0,0,0,0,0,0
80,182,2,0,0,0,0,0,0,0,0,0,0,0,0,10989.01099,182,0,182,182,182,182,0,182,182,0,0,0,0,0,0,0,0,0,64,0,10989.01099,0,0,0,0,0,0,0,0,0,0,1,0,0,0,0,0,0,0,64,0,0,0,0,0,0,2,0,0,0,242,-1,0,32,0,0,0,0,0,0,0,0
50080,85,1,1,0,0,0,0,0,0,0,0,0,0,0,23529.41176,85,0,85,85,0,0,0,0,0,0,0,0,0,0,0,0,0,0,32,32,11764.70588,11764.70588,0,0,0,0,0,0,0,0,0,1,1,0,0,1,0,0,0,32,0,0,0,0,0,0,1,0,1,0,332,229,0,32,0,0,0,0,0,0,0,0
55474,21,1,1,6,6,6,6,6,0,6,6,6,0,571428.5714,95238.09524,21,0,21,21,0,0,0,0,0,0,0,0,0,0,0,0,0,0,20,20,47619.04762,47619.04762,6,6,6,0,0,0,0,0,0,1,1,0,0,1,9,6,6,20,0,0,0,0,0,0,1,6,1,6,360,255,0,20,0,0,0,0,0,0,0,0
443,95118,1,1,0,0,0,0,0,0,0,0,0,0,0,21.02651443,95118,0,95118,95118,0,0,0,0,0,0,0,0,0,0,0,0,0,0,32,32,10.51325722,10.51325722,0,0,0,0,0,0,0,0,0,1,1,0,0,1,0,0,0,32,0,0,0,0,0,0,1,0,1,0,304,252,0,32,0,0,0,0,0,0,0,0
80,5613125,3,1,0,0,0,0,0,0,0,0,0,0,0,0.712615522,1871041.667,3239985.803,5612255,123,5613125,2806562.5,3967848.385,5612255,870,0,0,0,0,0,0,0,0,0,104,40,0.534461641,0.17815388,0,0,0,0,0,0,0,0,1,0,0,0,0,0,0,0,0,104,0,0,0,0,0,0,3,0,1,0,29200,28960,0,32,0,0,0,0,0,0,0,0
80,238,2,0,0,0,0,0,0,0,0,0,0,0,0,8403.361345,238,0,238,238,238,238,0,238,238,0,0,0,0,0,0,0,0,0,64,0,8403.361345,0,0,0,0,0,0,0,0,0,0,1,0,0,0,0,0,0,0,64,0,0,0,0,0,0,2,0,0,0,264,-1,0,32,0,0,0,0,0,0,0,0
443,242876,1,1,0,0,0,0,0,0,0,0,0,0,0,8.234654721,242876,0,242876,242876,0,0,0,0,0,0,0,0,0,0,0,0,0,0,32,32,4.11732736,4.11732736,0,0,0,0,0,0,0,0,0,1,1,0,0,1,0,0,0,32,0,0,0,0,0,0,1,0,1,0,2303,181,0,32,0,0,0,0,0,0,0,0
55522,3,1,1,6,6,6,6,6,0,6,6,6,0,4000000,666666.6667,3,0,3,3,0,0,0,0,0,0,0,0,0,0,0,0,0,0,20,20,333333.3333,333333.3333,6,6,6,0,0,0,0,0,0,1,1,0,0,1,9,6,6,20,0,0,0,0,0,0,1,6,1,6,946,253,0,20,0,0,0,0,0,0,0,0
443,3203476,5,1,135,46,46,6,27,20.1246118,46,46,46,0,56.50112565,1.872965491,640695.2,1379704.795,3108413,47,3203476,800869,1538983.333,3108413,47,0,0,0,0,0,1,0,0,0,100,20,1.560804576,0.312160915,6,46,32.42857143,18.86670032,355.952381,0,1,0,0,1,0,0,0,0,37.83333333,27,46,100,0,0,0,0,0,0,5,135,1,46,256,351,4,20,0,0,0,0,0,0,0,0
443,3203128,5,1,135,46,46,6,27,20.1246118,46,46,46,0,56.50726415,1.873168977,640625.6,1397073.626,3139599,4,3203128,800782,1559482.454,3139599,4,0,0,0,0,0,1,0,0,0,100,20,1.560974148,0.31219483,6,46,32.42857143,18.86670032,355.952381,0,1,0,0,1,0,0,0,0,37.83333333,27,46,100,0,0,0,0,0,0,5,135,1,46,256,351,4,20,0,0,0,0,0,0,0,0
46979,4,3,0,76,0,45,0,25.33333333,23.02896727,0,0,0,0,19000000,750000,2,1.414213562,3,1,4,2,1.414213562,3,1,0,0,0,0,0,1,0,0,0,96,0,750000,0,0,45,30.25,21.21909517,450.25,0,1,0,0,1,0,0,0,0,40.33333333,25.33333333,0,96,0,0,0,0,0,0,3,76,0,0,126,-1,1,32,0,0,0,0,0,0,0,0
80,5012479,6,4,600,4149,600,0,100,244.9489743,2701,0,1037.25,1302.376642,947.4353908,1.995020827,556942.1111,1666209.939,5000160,3,5012479,1002495.8,2234766.928,5000160,3,11118,3706,5627.995291,10187,51,0,0,0,0,200,136,1.197012496,0.798008331,0,2701,431.7272727,877.6008308,770183.2182,0,0,0,1,0,0,0,0,0,474.9,100,1037.25,200,0,0,0,0,0,0,6,600,4,4149,29200,236,1,32,0,0,0,0,0,0,0,0
80,5294438,3,1,0,0,0,0,0,0,0,0,0,0,0,0.755509839,1764812.667,3056133.799,5293732,123,5294438,2647219,3742734.578,5293732,706,0,0,0,0,0,0,0,0,0,104,40,0.566632379,0.18887746,0,0,0,0,0,0,0,0,1,0,0,0,0,0,0,0,0,104,0,0,0,0,0,0,3,0,1,0,29200,28960,0,32,0,0,0,0,0,0,0,0
53,31424,2,2,142,306,71,71,71,0,153,153,153,0,14256.61914,127.2912424,10474.66667,18132.26266,31412,4,8,8,0,8,8,4,4,0,4,4,0,0,0,0,64,64,63.64562118,63.64562118,71,153,103.8,44.91324972,2017.2,0,0,0,0,0,0,0,0,1,129.75,71,153,64,0,0,0,0,0,0,2,142,2,306,-1,-1,1,32,0,0,0,0,0,0,0,0
53,31491,2,2,142,306,71,71,71,0,153,153,153,0,14226.28688,127.0204185,10497,18177.87325,31487,1,3,3,0,3,3,1,1,0,1,1,0,0,0,0,64,64,63.51020927,63.51020927,71,153,103.8,44.91324972,2017.2,0,0,0,0,0,0,0,0,1,129.75,71,153,64,0,0,0,0,0,0,2,142,2,306,-1,-1,1,32,0,0,0,0,0,0,0,0
443,5179694,7,4,635,154,517,0,90.71428571,190.7072051,154,0,38.5,77,152.3256007,2.123677576,517969.4,1574874.58,4999583,10,5179694,863282.3333,2063426.582,5075098,49,150152,50050.66667,42029.84573,77719,1686,0,0,0,0,232,136,1.351431185,0.772246391,0,517,65.75,150.0479469,22514.38636,0,0,0,1,0,0,0,0,0,71.72727273,90.71428571,38.5,232,0,0,0,0,0,0,7,635,4,154,29200,118,3,32,0,0,0,0,0,0,0,0
22,1419596,39,40,2728,6634,456,0,69.94871795,111.9017306,976,0,165.85,325.0994759,6594.834023,55.64963553,18199.94872,109726.2818,952531,1,1419596,37357.78947,165772.2594,996138,1,466966,11973.48718,33331.9739,190732,1,0,0,0,0,1264,1296,27.47260488,28.17703065,0,976,117.025,246.3201054,60673.5943,0,0,0,1,0,0,0,0,1,118.5063291,69.94871795,165.85,1264,0,0,0,0,0,0,39,2728,40,6634,29200,243,24,32,0,0,0,0,0,0,0,0
80,109,1,1,0,0,0,0,0,0,0,0,0,0,0,18348.62385,109,0,109,109,0,0,0,0,0,0,0,0,0,0,0,0,0,0,32,32,9174.311927,9174.311927,0,0,0,0,0,0,0,0,0,1,1,0,0,1,0,0,0,32,0,0,0,0,0,0,1,0,1,0,260,236,0,32,0,0,0,0,0,0,0,0
137,1582026,28,0,1400,0,50,50,50,0,0,0,0,0,884.9412083,17.69882417,58593.55556,211129.0298,803863,1,1582026,58593.55556,211129.0298,803863,1,0,0,0,0,0,0,0,0,0,452,0,17.69882417,0,50,50,50,0,0,0,0,0,0,0,0,0,0,0,51.78571429,50,0,452,0,0,0,0,0,0,28,1400,0,0,-1,-1,27,14,0,0,0,0,0,0,0,0
88,1206,10,7,3150,3152,1575,0,315,632.5616351,1576,0,450.2857143,769.0092575,5225538.972,14096.18574,75.375,212.3562651,868,2,1206,134,296.3258342,921,2,1113,185.5,337.423621,868,3,0,0,0,0,336,240,8291.873964,5804.311774,0,1576,350.1111111,657.7416701,432624.1046,0,0,0,1,0,0,0,0,0,370.7058824,315,450.2857143,336,0,0,0,0,0,0,10,3150,7,3152,29200,2081,3,32,0,0,0,0,0,0,0,0
443,3068217,5,1,117,41,45,0,23.4,21.96132965,41,41,41,0,51.49570581,1.955533132,613643.4,1352593.353,3033088,3,3068217,767054.25,1510776.923,3033088,3,0,0,0,0,0,1,0,0,0,160,32,1.629610943,0.325922189,0,45,28.42857143,19.88179354,395.2857143,0,1,0,0,1,0,0,0,0,33.16666667,23.4,41,160,0,0,0,0,0,0,5,117,1,41,1324,126,2,32,0,0,0,0,0,0,0,0
80,5537874,3,1,0,0,0,0,0,0,0,0,0,0,0,0.722298846,1845958,3196648.729,5537130,158,5537874,2768937,3914816.084,5537130,744,0,0,0,0,0,0,0,0,0,104,40,0.541724135,0.180574712,0,0,0,0,0,0,0,0,1,0,0,0,0,0,0,0,0,104,0,0,0,0,0,0,3,0,1,0,29200,28960,0,32,0,0,0,0,0,0,0,0
80,5937445,3,1,0,0,0,0,0,0,0,0,0,0,0,0.673690451,1979148.333,3427227.715,5936570,89,5937445,2968722.5,4197170.186,5936570,875,0,0,0,0,0,0,0,0,0,104,40,0.505267838,0.168422613,0,0,0,0,0,0,0,0,1,0,0,0,0,0,0,0,0,104,0,0,0,0,0,0,3,0,1,0,29200,28960,0,32,0,0,0,0,0,0,0,0
138,76354195,42,0,9471,0,237,214,225.5,11.63939903,0,0,0,0,124.040336,0.550068009,1862297.439,11900000,76400000,1,76400000,1862297.439,11900000,76400000,1,0,0,0,0,0,0,0,0,0,840,0,0.550068009,0,214,237,225.7674419,11.63295239,135.3255814,0,0,0,0,0,0,0,0,0,231.1428571,225.5,0,840,0,0,0,0,0,0,42,9471,0,0,-1,-1,41,20,35,0,35,35,76400000,0,76400000,76400000
53,25926,1,1,45,106,45,45,45,0,106,106,106,0,5824.269074,77.14263674,25926,0,25926,25926,0,0,0,0,0,0,0,0,0,0,0,0,0,0,32,32,38.57131837,38.57131837,45,106,65.33333333,35.21836642,1240.333333,0,0,0,0,0,0,0,0,1,98,45,106,32,0,0,0,0,0,0,1,45,1,106,-1,-1,0,32,0,0,0,0,0,0,0,0
80,533,2,0,0,0,0,0,0,0,0,0,0,0,0,3752.345216,533,0,533,533,533,533,0,533,533,0,0,0,0,0,0,0,0,0,64,0,3752.345216,0,0,0,0,0,0,0,0,0,0,1,0,0,0,0,0,0,0,64,0,0,0,0,0,0,2,0,0,0,264,-1,0,32,0,0,0,0,0,0,0,0
55472,38,1,1,6,6,6,6,6,0,6,6,6,0,315789.4737,52631.57895,38,0,38,38,0,0,0,0,0,0,0,0,0,0,0,0,0,0,20,20,26315.78947,26315.78947,6,6,6,0,0,0,0,0,0,1,1,0,0,1,9,6,6,20,0,0,0,0,0,0,1,6,1,6,360,255,0,20,0,0,0,0,0,0,0,0
80,6161169,4,4,341,506,341,0,85.25,170.5,506,0,126.5,253,137.4739112,1.298454887,880167,1868884.097,5004554,57,1156615,385538.3333,666237.385,1154843,863,6161112,2053704,2620536.565,5005167,165,0,0,0,0,136,136,0.649227444,0.649227444,0,506,94.11111111,191.2475127,36575.61111,0,0,0,1,0,0,0,0,1,105.875,85.25,126.5,136,0,0,0,0,0,0,4,341,4,506,29200,235,1,32,0,0,0,0,0,0,0,0
80,5409301,3,1,0,0,0,0,0,0,0,0,0,0,0,0.739467077,1803100.333,3122300.168,5408422,127,5409301,2704650.5,3823710.325,5408422,879,0,0,0,0,0,0,0,0,0,104,40,0.554600308,0.184866769,0,0,0,0,0,0,0,0,1,0,0,0,0,0,0,0,0,104,0,0,0,0,0,0,3,0,1,0,29200,28960,0,32,0,0,0,0,0,0,0,0
53,23527,1,1,34,109,34,34,34,0,109,109,109,0,6078.123008,85.00871339,23527,0,23527,23527,0,0,0,0,0,0,0,0,0,0,0,0,0,0,32,32,42.5043567,42.5043567,34,109,59,43.30127019,1875,0,0,0,0,0,0,0,0,1,88.5,34,109,32,0,0,0,0,0,0,1,34,1,109,-1,-1,0,32,0,0,0,0,0,0,0,0
45896,94,1,2,0,0,0,0,0,0,0,0,0,0,0,31914.89362,47,1.414213562,48,46,0,0,0,0,0,48,48,0,48,48,0,0,0,0,32,64,10638.29787,21276.59574,0,0,0,0,0,0,0,0,0,1,1,0,0,2,0,0,0,32,0,0,0,0,0,0,1,0,2,0,243,274,0,32,0,0,0,0,0,0,0,0
80,5598676,3,1,0,0,0,0,0,0,0,0,0,0,0,0.714454632,1866225.333,3231639.335,5597801,160,5598676,2799338,3957624.328,5597801,875,0,0,0,0,0,0,0,0,0,104,40,0.535840974,0.178613658,0,0,0,0,0,0,0,0,1,0,0,0,0,0,0,0,0,104,0,0,0,0,0,0,3,0,1,0,29200,28960,0,32,0,0,0,0,0,0,0,0
80,5009041,4,4,523,530,523,0,130.75,261.5,530,0,132.5,265,210.2198804,1.597112102,715577.2857,1891319.408,5004686,43,4355,1451.666667,1734.43055,3391,49,5008917,1669639,2888741.337,5005270,883,0,0,0,0,136,136,0.798556051,0.798556051,0,530,117,232.171273,53903.5,0,0,0,1,0,0,0,0,1,131.625,130.75,132.5,136,0,0,0,0,0,0,4,523,4,530,29200,235,1,32,0,0,0,0,0,0,0,0
443,241443,1,1,0,0,0,0,0,0,0,0,0,0,0,8.283528618,241443,0,241443,241443,0,0,0,0,0,0,0,0,0,0,0,0,0,0,32,32,4.141764309,4.141764309,0,0,0,0,0,0,0,0,0,1,1,0,0,1,0,0,0,32,0,0,0,0,0,0,1,0,1,0,2665,189,0,32,0,0,0,0,0,0,0,0
443,247913,1,1,0,0,0,0,0,0,0,0,0,0,0,8.067346206,247913,0,247913,247913,0,0,0,0,0,0,0,0,0,0,0,0,0,0,32,32,4.033673103,4.033673103,0,0,0,0,0,0,0,0,0,1,1,0,0,1,0,0,0,32,0,0,0,0,0,0,1,0,1,0,1323,189,0,32,0,0,0,0,0,0,0,0
443,3068031,5,1,117,41,45,0,23.4,21.96132965,41,41,41,0,51.49882775,1.955651687,613606.2,1352422.149,3032742,49,3068031,767007.75,1510579.136,3032742,49,0,0,0,0,0,1,0,0,0,160,32,1.629709739,0.325941948,0,45,28.42857143,19.88179354,395.2857143,0,1,0,0,1,0,0,0,0,33.16666667,23.4,41,160,0,0,0,0,0,0,5,117,1,41,351,122,2,32,0,0,0,0,0,0,0,0
80,5756528,3,1,0,0,0,0,0,0,0,0,0,0,0,0.694863293,1918842.667,3322960.557,5755867,75,5756528,2878264,4069545.19,5755867,661,0,0,0,0,0,0,0,0,0,104,40,0.521147469,0.173715823,0,0,0,0,0,0,0,0,1,0,0,0,0,0,0,0,0,104,0,0,0,0,0,0,3,0,1,0,29200,28960,0,32,0,0,0,0,0,0,0,0
443,5644,2,0,0,0,0,0,0,0,0,0,0,0,0,354.3586109,5644,0,5644,5644,5644,5644,0,5644,5644,0,0,0,0,0,0,0,0,0,64,0,354.3586109,0,0,0,0,0,0,0,0,0,0,1,0,0,0,0,0,0,0,64,0,0,0,0,0,0,2,0,0,0,252,-1,0,32,0,0,0,0,0,0,0,0
50482,239,2,0,12,0,6,6,6,0,0,0,0,0,50209.20502,8368.200837,239,0,239,239,239,239,0,239,239,0,0,0,0,0,0,0,0,0,40,0,8368.200837,0,6,6,6,0,0,0,0,0,0,1,0,0,0,0,9,6,0,40,0,0,0,0,0,0,2,12,0,0,29,-1,1,20,0,0,0,0,0,0,0,0
55571,45,1,1,6,6,6,6,6,0,6,6,6,0,266666.6667,44444.44444,45,0,45,45,0,0,0,0,0,0,0,0,0,0,0,0,0,0,20,20,22222.22222,22222.22222,6,6,6,0,0,0,0,0,0,1,1,0,0,1,9,6,6,20,0,0,0,0,0,0,1,6,1,6,119,252,0,20,0,0,0,0,0,0,0,0
80,5185118,7,7,1022,2321,372,0,146,184.0787875,1047,0,331.5714286,439.6592837,644.7297824,2.700034985,398855.2308,1372180.71,4963956,4,221162,36860.33333,56141.02125,141434,4,5185004,864167.3333,2027593.314,5001548,879,0,0,0,0,232,232,1.350017492,1.350017492,0,1047,222.8666667,331.3239387,109775.5524,0,0,0,1,0,0,0,0,1,238.7857143,146,331.5714286,232,0,0,0,0,0,0,7,1022,7,2321,29200,252,3,32,0,0,0,0,0,0,0,0
80,5571951,3,1,0,0,0,0,0,0,0,0,0,0,0,0.717881403,1857317,3216203.591,5571069,125,5571951,2785975.5,3938717,5571069,882,0,0,0,0,0,0,0,0,0,104,40,0.538411052,0.179470351,0,0,0,0,0,0,0,0,1,0,0,0,0,0,0,0,0,104,0,0,0,0,0,0,3,0,1,0,29200,28960,0,32,0,0,0,0,0,0,0,0
55520,67,1,1,6,6,6,6,6,0,6,6,6,0,179104.4776,29850.74627,67,0,67,67,0,0,0,0,0,0,0,0,0,0,0,0,0,0,20,20,14925.37313,14925.37313,6,6,6,0,0,0,0,0,0,1,1,0,0,1,9,6,6,20,0,0,0,0,0,0,1,6,1,6,946,256,0,20,0,0,0,0,0,0,0,0
80,5848206,3,1,0,0,0,0,0,0,0,0,0,0,0,0.683970435,1949402,3375712.479,5847339,115,5848206,2924103,4134079.997,5847339,867,0,0,0,0,0,0,0,0,0,104,40,0.512977826,0.170992609,0,0,0,0,0,0,0,0,1,0,0,0,0,0,0,0,0,104,0,0,0,0,0,0,3,0,1,0,29200,28960,0,32,0,0,0,0,0,0,0,0
80,259,2,0,0,0,0,0,0,0,0,0,0,0,0,7722.007722,259,0,259,259,259,259,0,259,259,0,0,0,0,0,0,0,0,0,64,0,7722.007722,0,0,0,0,0,0,0,0,0,0,1,0,0,0,0,0,0,0,64,0,0,0,0,0,0,2,0,0,0,1439,-1,0,32,0,0,0,0,0,0,0,0
80,5470688,3,1,0,0,0,0,0,0,0,0,0,0,0,0.731169462,1823562.667,3157733.306,5469799,154,5470688,2735344,3867103.347,5469799,889,0,0,0,0,0,0,0,0,0,104,40,0.548377096,0.182792365,0,0,0,0,0,0,0,0,1,0,0,0,0,0,0,0,0,104,0,0,0,0,0,0,3,0,1,0,29200,28960,0,32,0,0,0,0,0,0,0,0
53,377846,2,2,70,270,35,35,35,0,135,135,135,0,899.8374999,10.58632353,125948.6667,218144.2937,377840,2,2,2,0,2,2,4,4,0,4,4,0,0,0,0,64,40,5.293161764,5.293161764,35,135,75,54.77225575,3000,0,0,0,0,0,0,0,0,1,93.75,35,135,64,0,0,0,0,0,0,2,70,2,270,-1,-1,1,32,0,0,0,0,0,0,0,0
53,358,2,2,94,230,47,47,47,0,115,115,115,0,905027.933,11173.18436,119.3333333,165.0010101,308,2,2,2,0,2,2,48,48,0,48,48,0,0,0,0,40,40,5586.592179,5586.592179,47,115,74.2,37.24513391,1387.2,0,0,0,0,0,0,0,0,1,92.75,47,115,40,0,0,0,0,0,0,2,94,2,230,-1,-1,1,20,0,0,0,0,0,0,0,0
80,5238372,3,1,0,0,0,0,0,0,0,0,0,0,0,0.763596018,1746124,3023600.409,5237477,121,5238372,2619186,3702822.642,5237477,895,0,0,0,0,0,0,0,0,0,104,40,0.572697013,0.190899004,0,0,0,0,0,0,0,0,1,0,0,0,0,0,0,0,0,104,0,0,0,0,0,0,3,0,1,0,29200,28960,0,32,0,0,0,0,0,0,0,0
35838,81,1,1,0,0,0,0,0,0,0,0,0,0,0,24691.35802,81,0,81,81,0,0,0,0,0,0,0,0,0,0,0,0,0,0,32,32,12345.67901,12345.67901,0,0,0,0,0,0,0,0,0,1,1,0,0,1,0,0,0,32,0,0,0,0,0,0,1,0,1,0,283,229,0,32,0,0,0,0,0,0,0,0
443,4205377,5,1,135,46,46,6,27,20.1246118,46,46,46,0,43.04013647,1.426744855,841075.4,1828214.858,4111195,3,4205377,1051344.25,2040374.635,4111195,3,0,0,0,0,0,1,0,0,0,100,20,1.188954046,0.237790809,6,46,32.42857143,18.86670032,355.952381,0,1,0,0,1,0,0,0,0,37.83333333,27,46,100,0,0,0,0,0,0,5,135,1,46,258,640,4,20,0,0,0,0,0,0,0,0
80,45501032,6,5,36,0,6,6,6,0,0,0,0,0,0.791190846,0.241752758,4550103.2,4969190.436,10000000,23477,45500000,9100206.4,2082138.959,10000000,5375563,40100000,10000000,92.4734196,10000000,10000000,0,0,0,0,120,160,0.131865141,0.109887617,0,6,3.5,3.089571903,9.545454545,0,0,0,0,1,0,0,0,0,3.818181818,6,0,120,0,0,0,0,0,0,6,36,5,0,256,307,5,20,23549.75,97.39053684,23692,23477,10000000,113.6383151,10000000,10000000
80,5022162,3,1,0,0,0,0,0,0,0,0,0,0,0,0.796469728,1674054,2898777.572,5021274,101,5022162,2511081,3549948.985,5021274,888,0,0,0,0,0,0,0,0,0,104,40,0.597352296,0.199117432,0,0,0,0,0,0,0,0,1,0,0,0,0,0,0,0,0,104,0,0,0,0,0,0,3,0,1,0,29200,28960,0,32,0,0,0,0,0,0,0,0
80,5166945,3,1,0,0,0,0,0,0,0,0,0,0,0,0.774151844,1722315,2982342.958,5166028,142,5166945,2583472.5,3652285.014,5166028,917,0,0,0,0,0,0,0,0,0,104,40,0.580613883,0.193537961,0,0,0,0,0,0,0,0,1,0,0,0,0,0,0,0,0,104,0,0,0,0,0,0,3,0,1,0,29200,28960,0,32,0,0,0,0,0,0,0,0
22,179,1,1,0,0,0,0,0,0,0,0,0,0,0,11173.18436,179,0,179,179,0,0,0,0,0,0,0,0,0,0,0,0,0,0,32,32,5586.592179,5586.592179,0,0,0,0,0,0,0,0,0,1,1,0,0,1,0,0,0,32,0,0,0,0,0,0,1,0,1,0,274,243,0,32,0,0,0,0,0,0,0,0
80,5041750,3,1,0,0,0,0,0,0,0,0,0,0,0,0.793375316,1680583.333,2910118.747,5040899,132,5041750,2520875,3563852.118,5040899,851,0,0,0,0,0,0,0,0,0,104,40,0.595031487,0.198343829,0,0,0,0,0,0,0,0,1,0,0,0,0,0,0,0,0,104,0,0,0,0,0,0,3,0,1,0,29200,28960,0,32,0,0,0,0,0,0,0,0
443,181,3,1,18,6,6,6,6,0,6,6,6,0,132596.6851,22099.44751,60.33333333,101.0412457,177,1,4,2,1.414213562,3,1,0,0,0,0,0,0,0,0,0,60,20,16574.58564,5524.861878,6,6,6,0,0,1,0,0,0,0,0,0,0,0,7.5,6,6,60,0,0,0,0,0,0,3,18,1,6,0,0,2,20,0,0,0,0,0,0,0,0
80,5662798,3,1,0,0,0,0,0,0,0,0,0,0,0,0.706364592,1887599.333,3268666.259,5661930,79,5662798,2831399,4002975.329,5661930,868,0,0,0,0,0,0,0,0,0,104,40,0.529773444,0.176591148,0,0,0,0,0,0,0,0,1,0,0,0,0,0,0,0,0,104,0,0,0,0,0,0,3,0,1,0,29200,28960,0,32,0,0,0,0,0,0,0,0
80,5229549,3,1,0,0,0,0,0,0,0,0,0,0,0,0.764884314,1743183,3018675.316,5228849,97,5229549,2614774.5,3696859.611,5228849,700,0,0,0,0,0,0,0,0,0,104,40,0.573663236,0.191221079,0,0,0,0,0,0,0,0,1,0,0,0,0,0,0,0,0,104,0,0,0,0,0,0,3,0,1,0,29200,28960,0,32,0,0,0,0,0,0,0,0
443,5192401,7,4,635,150,517,0,90.71428571,190.7072051,150,0,37.5,75,151.1824684,2.118480449,519240.1,1476971.497,4717713,3,5192401,865400.1667,1975741.42,4895984,3,332637,110879,96639.69623,178696,225,0,0,0,0,232,136,1.348123922,0.770356527,0,517,65.41666667,149.8383725,22451.53788,0,0,0,1,0,0,0,0,0,71.36363636,90.71428571,37.5,232,0,0,0,0,0,0,7,635,4,150,29200,235,3,32,0,0,0,0,0,0,0,0
443,4214432,5,1,135,46,46,6,27,20.1246118,46,46,46,0,42.94766175,1.423679395,842886.4,1841217.964,4136357,49,4214432,1053608,2055489.603,4136357,49,0,0,0,0,0,1,0,0,0,100,20,1.186399496,0.237279899,6,46,32.42857143,18.86670032,355.952381,0,1,0,0,1,0,0,0,0,37.83333333,27,46,100,0,0,0,0,0,0,5,135,1,46,254,123,4,20,0,0,0,0,0,0,0,0
53,23978,2,2,46,196,23,23,23,0,98,98,98,0,10092.58487,166.8195846,7992.666667,13836.77655,23970,4,4,4,0,4,4,4,4,0,4,4,0,0,0,0,64,64,83.40979231,83.40979231,23,98,53,41.07919181,1687.5,0,0,0,0,0,0,0,0,1,66.25,23,98,64,0,0,0,0,0,0,2,46,2,196,-1,-1,1,32,0,0,0,0,0,0,0,0
443,356555,6,7,1424,1144,856,0,237.3333333,364.5993235,961,0,163.4285714,356.0486189,7202.254912,36.46001318,29712.91667,50430.09972,113443,1,227461,45492.2,61977.00659,113516,146,243112,40518.66667,56616.20072,113272,1,0,0,0,0,200,232,16.82769839,19.63231479,0,961,183.4285714,337.3160386,113782.1099,0,0,0,1,0,0,0,0,1,197.5384615,237.3333333,163.4285714,200,0,0,0,0,0,0,6,1424,7,1144,29200,248,3,32,0,0,0,0,0,0,0,0
80,5180854,3,1,0,0,0,0,0,0,0,0,0,0,0,0.772073484,1726951.333,2990410.562,5179980,124,5180854,2590427,3662180.973,5179980,874,0,0,0,0,0,0,0,0,0,104,40,0.579055113,0.193018371,0,0,0,0,0,0,0,0,1,0,0,0,0,0,0,0,0,104,0,0,0,0,0,0,3,0,1,0,29200,28960,0,32,0,0,0,0,0,0,0,0
123,30352,1,1,48,48,48,48,48,0,48,48,48,0,3162.888772,65.89351608,30352,0,30352,30352,0,0,0,0,0,0,0,0,0,0,0,0,0,0,32,32,32.94675804,32.94675804,48,48,48,0,0,0,0,0,0,0,0,0,0,1,72,48,48,32,0,0,0,0,0,0,1,48,1,48,-1,-1,0,32,0,0,0,0,0,0,0,0
389,487,11,4,172,326,79,0,15.63636364,31.4492376,163,0,81.5,94.10809388,1022587.269,30800.82136,34.78571429,26.81038424,76,1,487,48.7,39.20615031,115,1,268,89.33333333,151.2690759,264,1,0,0,0,0,368,144,22587.26899,8213.552361,0,163,31.125,57.86060836,3347.85,0,0,0,1,0,0,0,0,0,33.2,15.63636364,81.5,368,0,0,0,0,0,0,11,172,4,326,29200,2081,4,32,0,0,0,0,0,0,0,0
443,4572207,5,1,135,46,46,6,27,20.1246118,46,46,46,0,39.58700907,1.312276544,914441.4,1909838.161,4327804,4,4572207,1143051.75,2125972.343,4327804,4,0,0,0,0,0,1,0,0,0,100,20,1.093563787,0.218712757,6,46,32.42857143,18.86670032,355.952381,0,1,0,0,1,0,0,0,0,37.83333333,27,46,100,0,0,0,0,0,0,5,135,1,46,258,393,4,20,0,0,0,0,0,0,0,0
80,5406316,3,1,0,0,0,0,0,0,0,0,0,0,0,0.739875361,1802105.333,3120586.306,5405448,97,5406316,2703158,3821615.167,5405448,868,0,0,0,0,0,0,0,0,0,104,40,0.55490652,0.18496884,0,0,0,0,0,0,0,0,1,0,0,0,0,0,0,0,0,104,0,0,0,0,0,0,3,0,1,0,29200,28960,0,32,0,0,0,0,0,0,0,0
53,168,2,2,148,212,74,74,74,0,106,106,106,0,2142857.143,23809.52381,56,90.93404203,161,3,3,3,0,3,3,4,4,0,4,4,0,0,0,0,64,64,11904.7619,11904.7619,74,106,86.8,17.52712184,307.2,0,0,0,0,0,0,0,0,1,108.5,74,106,64,0,0,0,0,0,0,2,148,2,212,-1,-1,1,32,0,0,0,0,0,0,0,0
80,44797921,6,5,36,0,6,6,6,0,0,0,0,0,0.803608721,0.245547109,4479792.1,4961448.423,10000000,23502,44800000,8959584.2,2396548.452,10000000,4672508,40100000,10000000,147.0201233,10000000,10000000,0,0,0,0,120,160,0.133934787,0.111612322,0,6,3.5,3.089571903,9.545454545,0,0,0,0,1,0,0,0,0,3.818181818,6,0,120,0,0,0,0,0,0,6,36,5,0,256,290,5,20,23663.5,108.3651235,23727,23502,10000000,72.03876271,10000000,10000000
55641,49,3,0,76,0,45,0,25.33333333,23.02896727,0,0,0,0,1551020.408,61224.4898,24.5,31.81980515,47,2,49,24.5,31.81980515,47,2,0,0,0,0,0,1,0,0,0,96,0,61224.4898,0,0,45,30.25,21.21909517,450.25,0,1,0,0,1,0,0,0,0,40.33333333,25.33333333,0,96,0,0,0,0,0,0,3,76,0,0,122,-1,1,32,0,0,0,0,0,0,0,0
80,5136870,3,1,0,0,0,0,0,0,0,0,0,0,0,0.778684296,1712290,2965182.656,5136188,123,5136870,2568435,3631351.117,5136188,682,0,0,0,0,0,0,0,0,0,104,40,0.584013222,0.194671074,0,0,0,0,0,0,0,0,1,0,0,0,0,0,0,0,0,104,0,0,0,0,0,0,3,0,1,0,29200,28960,0,32,0,0,0,0,0,0,0,0
59940,251216,2,1,0,0,0,0,0,0,0,0,0,0,0,11.94191453,125608,177557.3412,251160,56,251216,251216,0,251216,251216,0,0,0,0,0,0,0,0,0,64,32,7.961276352,3.980638176,0,0,0,0,0,0,0,0,0,1,1,0,0,0,0,0,0,64,0,0,0,0,0,0,2,0,1,0,181,1350,0,32,0,0,0,0,0,0,0,0
80,5015473,3,1,0,0,0,0,0,0,0,0,0,0,0,0.797531958,1671824.333,2895100.125,5014798,156,5015473,2507736.5,3545520.375,5014798,675,0,0,0,0,0,0,0,0,0,104,40,0.598148968,0.199382989,0,0,0,0,0,0,0,0,1,0,0,0,0,0,0,0,0,104,0,0,0,0,0,0,3,0,1,0,29200,28960,0,32,0,0,0,0,0,0,0,0
55473,54,1,1,6,6,6,6,6,0,6,6,6,0,222222.2222,37037.03704,54,0,54,54,0,0,0,0,0,0,0,0,0,0,0,0,0,0,20,20,18518.51852,18518.51852,6,6,6,0,0,0,0,0,0,1,1,0,0,1,9,6,6,20,0,0,0,0,0,0,1,6,1,6,360,255,0,20,0,0,0,0,0,0,0,0
137,3378994,205,0,13760,0,68,50,67.12195122,3.886850141,0,0,0,0,4072.217944,60.66894466,16563.69608,166333.5221,1780399,1,3378994,16563.69608,166333.5221,1780399,1,0,0,0,0,0,0,0,0,0,3572,0,60.66894466,0,50,68,67.12621359,3.877841018,15.03765096,0,0,0,0,0,0,0,0,0,67.45365854,67.12195122,0,3572,0,0,0,0,0,0,205,13760,0,0,-1,-1,204,14,0,0,0,0,0,0,0,0
443,4215108,5,1,135,46,46,6,27,20.1246118,46,46,46,0,42.940774,1.423451072,843021.6,1832379.481,4120597,4,4215108,1053777,2045014.747,4120597,4,0,0,0,0,0,1,0,0,0,100,20,1.186209226,0.237241845,6,46,32.42857143,18.86670032,355.952381,0,1,0,0,1,0,0,0,0,37.83333333,27,46,100,0,0,0,0,0,0,5,135,1,46,258,360,4,20,0,0,0,0,0,0,0,0
59135,48,1,1,6,6,6,6,6,0,6,6,6,0,250000,41666.66667,48,0,48,48,0,0,0,0,0,0,0,0,0,0,0,0,0,0,20,20,20833.33333,20833.33333,6,6,6,0,0,0,0,0,0,1,1,0,0,1,9,6,6,20,0,0,0,0,0,0,1,6,1,6,513,253,0,20,0,0,0,0,0,0,0,0
443,4786574,9,11,703,3950,267,0,78.11111111,103.3022803,1448,0,359.0909091,569.9183195,972.094028,4.178353871,251924.9474,588375.1957,2381124,4,3964472,495559,894016.6874,2476276,207,4691578,469157.8,763692.6479,2381124,4,0,0,0,0,296,360,1.880259242,2.298094629,0,1448,221.5714286,434.4990876,188789.4571,0,0,0,1,0,0,0,0,1,232.65,78.11111111,359.0909091,296,0,0,0,0,0,0,9,703,11,3950,29200,252,4,32,0,0,0,0,0,0,0,0
80,21405204,28,19,5927,19891,561,0,211.6785714,219.408473,2896,0,1046.894737,961.5663665,1206.155288,2.195727731,465330.5217,1188382.211,4962947,40,21400000,792785.3333,1474704.318,4962947,705,16400000,911302.8889,1427512.635,4475937,61,0,0,0,0,904,616,1.308093116,0.887634614,0,2896,537.875,745.6869637,556049.0479,0,0,0,1,0,0,0,0,0,549.3191489,211.6785714,1046.894737,904,0,0,0,0,0,0,28,5927,19,19891,29200,348,14,32,0,0,0,0,0,0,0,0
80,69,1,1,0,0,0,0,0,0,0,0,0,0,0,28985.50725,69,0,69,69,0,0,0,0,0,0,0,0,0,0,0,0,0,0,32,32,14492.75362,14492.75362,0,0,0,0,0,0,0,0,0,1,1,0,0,1,0,0,0,32,0,0,0,0,0,0,1,0,1,0,237,235,0,32,0,0,0,0,0,0,0,0
389,113473706,68,40,11364,12718,403,0,167.1176471,171.9194127,1139,126,317.95,208.2612942,212.2253767,0.95176234,1060501.925,3813685.451,16500000,2,113000000,1693637.403,4719143.265,16500000,2,113000000,2908399.744,5922355.273,16500000,3,1,0,0,0,2176,1280,0.59925777,0.352504571,0,1139,224.6330275,198.999612,39600.84557,0,1,0,0,1,0,0,0,0,226.712963,167.1176471,317.95,2176,0,0,0,0,0,0,68,11364,40,12718,390,2081,39,32,178326.875,503426.946,1424245,325,13800000,4229413.12,16500000,6945512
80,1533,2,0,0,0,0,0,0,0,0,0,0,0,0,1304.631442,1533,0,1533,1533,1533,1533,0,1533,1533,0,0,0,0,0,0,0,0,0,64,0,1304.631442,0,0,0,0,0,0,0,0,0,0,1,0,0,0,0,0,0,0,64,0,0,0,0,0,0,2,0,0,0,264,-1,0,32,0,0,0,0,0,0,0,0
53,219,2,2,142,206,71,71,71,0,103,103,103,0,1589041.096,18264.84018,73,123.8426421,216,1,2,2,0,2,2,1,1,0,1,1,0,0,0,0,64,64,9132.420091,9132.420091,71,103,83.8,17.52712184,307.2,0,0,0,0,0,0,0,0,1,104.75,71,103,64,0,0,0,0,0,0,2,142,2,206,-1,-1,1,32,0,0,0,0,0,0,0,0
80,5346632,3,1,0,0,0,0,0,0,0,0,0,0,0,0.748134527,1782210.667,3086103.484,5345736,115,5346632,2673316,3779372.608,5345736,896,0,0,0,0,0,0,0,0,0,104,40,0.561100895,0.187033632,0,0,0,0,0,0,0,0,1,0,0,0,0,0,0,0,0,104,0,0,0,0,0,0,3,0,1,0,29200,28960,0,32,0,0,0,0,0,0,0,0
50491,18,1,1,187,6,187,187,187,0,6,6,6,0,10700000,111111.1111,18,0,18,18,0,0,0,0,0,0,0,0,0,0,0,0,0,0,20,20,55555.55556,55555.55556,6,187,126.6666667,104.5003987,10920.33333,0,0,0,0,1,1,0,0,1,190,187,6,20,0,0,0,0,0,0,1,187,1,6,58,0,0,20,0,0,0,0,0,0,0,0
443,18,1,1,6,6,6,6,6,0,6,6,6,0,666666.6667,111111.1111,18,0,18,18,0,0,0,0,0,0,0,0,0,0,0,0,0,0,20,20,55555.55556,55555.55556,6,6,6,0,0,0,0,0,0,1,0,0,0,1,9,6,6,20,0,0,0,0,0,0,1,6,1,6,255,31,0,20,0,0,0,0,0,0,0,0
80,5587532,3,1,0,0,0,0,0,0,0,0,0,0,0,0.715879569,1862510.667,3225354.297,5586829,119,5587532,2793766,3949987.575,5586829,703,0,0,0,0,0,0,0,0,0,104,40,0.536909677,0.178969892,0,0,0,0,0,0,0,0,1,0,0,0,0,0,0,0,0,104,0,0,0,0,0,0,3,0,1,0,29200,28960,0,32,0,0,0,0,0,0,0,0
80,508,2,1,0,0,0,0,0,0,0,0,0,0,0,5905.511811,254,309.7127702,473,35,508,508,0,508,508,0,0,0,0,0,0,0,0,0,64,32,3937.007874,1968.503937,0,0,0,0,0,0,0,0,0,1,1,0,0,0,0,0,0,64,0,0,0,0,0,0,2,0,1,0,237,235,0,32,0,0,0,0,0,0,0,0
80,5038618,4,4,537,1881,537,0,134.25,268.5,1881,0,470.25,940.5,479.8934946,1.587736955,719802.5714,1889342.685,5004343,4,34275,11425,18999.11822,33357,4,5038504,1679501.333,2880144.775,5005156,872,0,0,0,0,136,136,0.793868477,0.793868477,0,1881,268.6666667,630.1680331,397111.75,0,0,0,1,0,0,0,0,1,302.25,134.25,470.25,136,0,0,0,0,0,0,4,537,4,1881,29200,235,1,32,0,0,0,0,0,0,0,0
80,44813471,6,5,36,0,6,6,6,0,0,0,0,0,0.803329874,0.245461906,4481347.1,4961609.766,10000000,23513,44800000,8962694.2,2389601.548,10000000,4688045,40100000,10000000,203.3740396,10000000,10000000,0,0,0,0,120,160,0.133888312,0.111573594,0,6,3.5,3.089571903,9.545454545,0,0,0,0,1,0,0,0,0,3.818181818,6,0,120,0,0,0,0,0,0,6,36,5,0,256,290,5,20,23574.5,113.7409337,23745,23513,10000000,119.493375,10000000,10000000
80,78,1,1,0,0,0,0,0,0,0,0,0,0,0,25641.02564,78,0,78,78,0,0,0,0,0,0,0,0,0,0,0,0,0,0,32,32,12820.51282,12820.51282,0,0,0,0,0,0,0,0,0,1,1,0,0,1,0,0,0,32,0,0,0,0,0,0,1,0,1,0,260,236,0,32,0,0,0,0,0,0,0,0
5353,89501767,223,0,26257,0,219,45,117.7443946,63.99100551,0,0,0,0,293.3685097,2.491570921,403161.1126,2843991.635,32000000,1,89500000,403161.1126,2843991.635,32000000,1,0,0,0,0,0,0,0,0,0,5762,0,2.491570921,0,45,219,118.1517857,64.1378434,4113.662956,0,0,0,0,0,0,0,0,0,118.6816143,117.7443946,0,5762,0,0,0,0,0,0,223,26257,0,0,-1,-1,222,14,3044839.75,3594216.933,7003810,13,19300000,10100000,32000000,8008170
80,5009673,4,4,536,1840,536,0,134,268,1840,0,460,920,474.2824532,1.596910617,715667.5714,1891177.443,5004454,48,5219,1739.666667,2216.452421,4249,49,5009544,1669848,2888460.886,5005155,889,0,0,0,0,136,136,0.798455308,0.798455308,0,1840,264,617.0121555,380704,0,0,0,1,0,0,0,0,1,297,134,460,136,0,0,0,0,0,0,4,536,4,1840,29200,235,1,32,0,0,0,0,0,0,0,0
443,235665,1,1,0,0,0,0,0,0,0,0,0,0,0,8.486622961,235665,0,235665,235665,0,0,0,0,0,0,0,0,0,0,0,0,0,0,32,32,4.24331148,4.24331148,0,0,0,0,0,0,0,0,0,1,1,0,0,1,0,0,0,32,0,0,0,0,0,0,1,0,1,0,1324,206,0,32,0,0,0,0,0,0,0,0
22,209,1,1,0,0,0,0,0,0,0,0,0,0,0,9569.37799,209,0,209,209,0,0,0,0,0,0,0,0,0,0,0,0,0,0,32,32,4784.688995,4784.688995,0,0,0,0,0,0,0,0,0,1,1,0,0,1,0,0,0,32,0,0,0,0,0,0,1,0,1,0,290,243,0,32,0,0,0,0,0,0,0,0
80,5225282,3,1,0,0,0,0,0,0,0,0,0,0,0,0.765508924,1741760.667,3016024.705,5224366,154,5225282,2612641,3693536.916,5224366,916,0,0,0,0,0,0,0,0,0,104,40,0.574131693,0.191377231,0,0,0,0,0,0,0,0,1,0,0,0,0,0,0,0,0,104,0,0,0,0,0,0,3,0,1,0,29200,28960,0,32,0,0,0,0,0,0,0,0
80,5237597,3,1,0,0,0,0,0,0,0,0,0,0,0,0.763709006,1745865.667,3023301.042,5236873,162,5237597,2618798.5,3702516.465,5236873,724,0,0,0,0,0,0,0,0,0,104,40,0.572781755,0.190927252,0,0,0,0,0,0,0,0,1,0,0,0,0,0,0,0,0,104,0,0,0,0,0,0,3,0,1,0,29200,28960,0,32,0,0,0,0,0,0,0,0
80,5501396,3,1,0,0,0,0,0,0,0,0,0,0,0,0.727088179,1833798.667,3175493.758,5500543,108,5501396,2750698,3888868.093,5500543,853,0,0,0,0,0,0,0,0,0,104,40,0.545316134,0.181772045,0,0,0,0,0,0,0,0,1,0,0,0,0,0,0,0,0,104,0,0,0,0,0,0,3,0,1,0,29200,28960,0,32,0,0,0,0,0,0,0,0
443,5489548,10,12,1601,4830,629,0,160.1,255.9376877,1448,0,402.5,578.8085725,1171.499001,4.007615928,261407.0476,1169006.786,5363181,1,126366,14040.66667,13010.44985,27471,242,5464651,496786.4545,1614116.72,5363327,1,0,0,0,0,328,392,1.821643603,2.185972324,0,1448,279.6086957,461.0749041,212590.0672,0,0,0,1,0,0,0,0,1,292.3181818,160.1,402.5,328,0,0,0,0,0,0,10,1601,12,4830,29200,75,4,32,126366,0,126366,126366,5363181,0,5363181,5363181
